2026-03-28 22:45:17,712 - INFO - Downloading competition data: mws-ai-agents-2026
2026-03-28 22:45:23,849 - INFO - Competition analysis: {'problem_type': 'unknown', 'metric': 'unknown', 'target_column': 'unknown', 'key_challenges': ['lack of information', 'no description provided'], 'recommended_approach': 'wait for more details about the competition, including problem type and evaluation metric', 'baseline_score': 0.0, 'target_score': 0.0}
2026-03-28 22:45:23,850 - INFO - Starting data processing phase...
2026-03-28 22:45:23,924 - INFO - AnalyticREQUEST: 
    You are a professional data analyst working with files in the session directory.

    Current session directory: sessions/session_20260328_224521
    Files available: ['train.csv', 'sample_submition.csv', 'competition_info.json', 'test.csv', 'solution.csv']

    Dataset info:
    Train data: 36671 rows, 15 columns
    Test data: 12224 rows, 14 columns

    Dataset description from author: 
    Dataset Description
# Files
train.csv - the training set
test.csv - the test set
sample_submission.csv - a sample submission file in the correct format
# Columns
name: название объекта
_id: уникальный идентификатор
host_name: имя владельца или хоста, который предоставляет жилье
location_cluster: кластеризация местоположений (например, группировка объектов по районам или зонам).
location: описание местоположения объекта
lat, lon: широта и долгота местоположения объекта.
type_house: тип жилья
sum: общая стоимость аренды или сумма за определенный период.
min_days: минимальное количество дней для бронирования объекта.
amt_reviews: количество отзывов, оставленных для данного объекта.
last_dt: дата последнего отзыва или последнего бронирования.
avg_reviews: средний рейтинг или среднее количество отзывов за определенный период.
total_host: общее количество объектов, принадлежащих одному хосту
target: целевая переменная

# Overview
Соревнование в рамках курса от МТС. Задача: предсказание дней занятости (или простоя) аренды недвижимости.

# Description
Соревнование по задаче регрессии

# Evaluation
Оценка по метрике MSE

    History:
    It's your first try

    IMPORTANT:
    - All your operations should work with files in the session directory
    - You can modify train.csv and test.csv directly
    - The files will be automatically saved after each operation
    - Use the session directory for all file operations
    - The data worker will execute code in the session directory

    Rate your confidence (0-1) that the data is ready for model training.
    If rate > 0.9, we proceed to model training.

    Give response in json with fields:
    - data_planner_request: str with commands for data_worker
    - satisfy_rate: float
    
2026-03-28 22:45:25,634 - INFO - AnalyticRESPONSE: ```json
{
  "data_planner_request": "Check the distribution of target variable and handle any missing values or outliers. Also, perform exploratory data analysis to understand the relationships between different features.",
  "satisfy_rate": 0.75
}
```
2026-03-28 22:45:25,634 - INFO - [Wrapper] Running coder with task:

    Work with files in the session directory: sessions/session_20260328_224521

    Available files: ['train.csv', 'sample_submition.csv', 'competition_info.json', 'test.csv', 'solution.csv']

    Task: Check the distribution of target variable and handle any missing values or outliers. Also, perform exploratory data analysis to understand the relationships between different features.

    Instructions:
    1. Load data from the session directory files (train.csv, test.csv)
    2. Perform required transformations
    3. Save the processed data back to the same files (overwrite)
    4. You can create additional files if needed (they will be saved in the session directory)

    Important:
    - All file operations should use paths relative to the session directory
    - The session directory is: sessions/session_20260328_224521
    - You can use: pd.read_csv('train.csv') - it will work from the session directory
    - After processing, save back using: df.to_csv('train.csv', index=False)

    The system will automatically use the updated files for the next steps.
    
2026-03-28 22:45:39,573 - INFO - Coder Request: 
    Write Python code for the following task:

    Work with files in the session directory: sessions/session_20260328_224521

    Available files: ['train.csv', 'sample_submition.csv', 'competition_info.json', 'test.csv', 'solution.csv']

    Task: Check the distribution of target variable and handle any missing values or outliers. Also, perform exploratory data analysis to understand the relationships between different features.

    Instructions:
    1. Load data from the session directory files (train.csv, test.csv)
    2. Perform required transformations
    3. Save the processed data back to the same files (overwrite)
    4. You can create additional files if needed (they will be saved in the session directory)

    Important:
    - All file operations should use paths relative to the session directory
    - The session directory is: sessions/session_20260328_224521
    - You can use: pd.read_csv('train.csv') - it will work from the session directory
    - After processing, save back using: df.to_csv('train.csv', index=False)

    The system will automatically use the updated files for the next steps.
    
Important: When generating code, ensure:
    - Use proper spacing: "import pandas as pd" not "import pandasaspd"
    - Add spaces after commas: "func(arg1, arg2)" not "func(arg1,arg2)"
    - Put each statement on a new line
    - Use proper indentation (4 spaces per level)
    - Ensure the code runs without errors and outputs meaningful results.
    - If using sklearn, use sparse_output=False instead of sparse=False for OneHotEncoder (newer sklearn versions)
    - Use .ravel() when assigning imputed values to avoid dimension issues
    - Don't use matplotlib or seaborn for visualizations
    
    1. Memory efficiency is KEY - work with large datasets (36k rows, 15 columns)
    2. DO NOT create explosion of features - avoid OneHotEncoder on high-cardinality columns
    3. For columns with > 50 unique values, use:
       - Label Encoding, or
       - Frequency encoding, or
       - Keep as-is (if meaningful for model like text)
    4. Always print shapes and memory usage after operations
    5. Handle missing values simply:
       - Numerical: fill with median/mean
       - Categorical: fill with "Unknown" or mode
    6. For datetime: extract useful features (year, month, day, dayofweek)
    7. Use StandardScaler for numerical features
    8. Save processed files with .to_csv(index=False)
    9. Print progress messages
    10. **TEST DATA DOES NOT HAVE 'target' COLUMN** - This is the most important rule!
       - Always exclude 'target' from numerical_cols when processing test data
       - Use: numerical_cols_train = [c for c in numerical_cols if c != 'target']
       - For test: use the same columns as train WITHOUT 'target'
    REMEMBER - in test.csv not 'target'
    Output only the code, no explanations.
    
2026-03-28 22:45:39,573 - INFO - Coder Response: import pandas as pd
from sklearn.preprocessing import StandardScaler, LabelEncoder
from sklearn.impute import SimpleImputer

# Load data
train_df = pd.read_csv('train.csv')
test_df = pd.read_csv('test.csv')

# Print initial shapes and memory usage
print("Initial Train Shape:", train_df.shape)
print("Initial Test Shape:", test_df.shape)
print("Train Memory Usage:\n", train_df.memory_usage(deep=True))
print("Test Memory Usage:\n", test_df.memory_usage(deep=True))

# Identify target variable
target_col = 'target'
numerical_cols_train = [c for c in train_df.columns if train_df[c].dtype != 'object' and c != target_col]
categorical_cols_train = [c for c in train_df.columns if train_df[c].dtype == 'object']

# Handle missing values in train data
imputer_num = SimpleImputer(strategy='median')
train_df[numerical_cols_train] = imputer_num.fit_transform(train_df[numerical_cols_train])

imputer_cat = SimpleImputer(strategy='most_frequent')
train_df[categorical_cols_train] = imputer_cat.fit_transform(train_df[categorical_cols_train])

# Handle missing values in test data
numerical_cols_test = [c for c in test_df.columns if test_df[c].dtype != 'object']
categorical_cols_test = [c for c in test_df.columns if test_df[c].dtype == 'object']

test_df[numerical_cols_test] = imputer_num.transform(test_df[numerical_cols_test])
test_df[categorical_cols_test] = imputer_cat.transform(test_df[categorical_cols_test])

# Encode categorical variables
label_encoders = {}
for col in categorical_cols_train:
    le = LabelEncoder()
    train_df[col] = le.fit_transform(train_df[col])
    label_encoders[col] = le

for col in categorical_cols_test:
    train_df[col] = label_encoders[col].transform(test_df[col])

# Standardize numerical features
scaler = StandardScaler()
train_df[numerical_cols_train] = scaler.fit_transform(train_df[numerical_cols_train])
test_df[numerical_cols_test] = scaler.transform(test_df[numerical_cols_test])

# Print shapes and memory usage after transformations
print("Processed Train Shape:", train_df.shape)
print("Processed Test Shape:", test_df.shape)
print("Train Memory Usage:\n", train_df.memory_usage(deep=True))
print("Test Memory Usage:\n", test_df.memory_usage(deep=True))

# Save processed data back to files
train_df.to_csv('train.csv', index=False)
test_df.to_csv('test.csv', index=False)

print("Data processing complete and saved.")
2026-03-28 22:45:40,446 - INFO - Code executed unsuccessfully: Traceback (most recent call last):
  File "/home/progifrogi/PycharmProjects/Agentic-Modeling-Operational-Engineering-Beta-Application/.venv/lib/python3.11/site-packages/sklearn/utils/_encode.py", line 229, in _encode
    return _map_to_integer(values, uniques)
           ^^^^^^^^^^^^^^^^^^^^^^^^^^^^^^^^
  File "/home/progifrogi/PycharmProjects/Agentic-Modeling-Operational-Engineering-Beta-Application/.venv/lib/python3.11/site-packages/sklearn/utils/_encode.py", line 168, in _map_to_integer
    return xp.asarray([table[v] for v in values], device=device(values))
                      ^^^^^^^^^^^^^^^^^^^^^^^^^^
  File "/home/progifrogi/PycharmProjects/Agentic-Modeling-Operational-Engineering-Beta-Application/.venv/lib/python3.11/site-packages/sklearn/utils/_encode.py", line 168, in <listcomp>
    return xp.asarray([table[v] for v in values], device=device(values))
                       ~~~~~^^^
  File "/home/progifrogi/PycharmProjects/Agentic-Modeling-Operational-Engineering-Beta-Application/.venv/lib/python3.11/site-packages/sklearn/utils/_encode.py", line 161, in __missing__
    raise KeyError(key)
KeyError: 'Amazing 4 Bedrooms 4 Bathrooms sleeps 9'

During handling of the above exception, another exception occurred:

Traceback (most recent call last):
  File "/tmp/tmpyjovny8a.py", line 63, in <module>
    train_df[col] = label_encoders[col].transform(test_df[col])
                    ^^^^^^^^^^^^^^^^^^^^^^^^^^^^^^^^^^^^^^^^^^^
  File "/home/progifrogi/PycharmProjects/Agentic-Modeling-Operational-Engineering-Beta-Application/.venv/lib/python3.11/site-packages/sklearn/preprocessing/_label.py", line 144, in transform
    return _encode(y, uniques=self.classes_)
           ^^^^^^^^^^^^^^^^^^^^^^^^^^^^^^^^^
  File "/home/progifrogi/PycharmProjects/Agentic-Modeling-Operational-Engineering-Beta-Application/.venv/lib/python3.11/site-packages/sklearn/utils/_encode.py", line 231, in _encode
    raise ValueError(f"y contains previously unseen labels: {e}")
ValueError: y contains previously unseen labels: 'Amazing 4 Bedrooms 4 Bathrooms sleeps 9'
2026-03-28 22:45:54,525 - INFO - Coder Request: The following code had an error:
import pandas as pd
from sklearn.preprocessing import StandardScaler, LabelEncoder
from sklearn.impute import SimpleImputer

# Load data
train_df = pd.read_csv('train.csv')
test_df = pd.read_csv('test.csv')

# Print initial shapes and memory usage
print("Initial Train Shape:", train_df.shape)
print("Initial Test Shape:", test_df.shape)
print("Train Memory Usage:\n", train_df.memory_usage(deep=True))
print("Test Memory Usage:\n", test_df.memory_usage(deep=True))

# Identify target variable
target_col = 'target'
numerical_cols_train = [c for c in train_df.columns if train_df[c].dtype != 'object' and c != target_col]
categorical_cols_train = [c for c in train_df.columns if train_df[c].dtype == 'object']

# Handle missing values in train data
imputer_num = SimpleImputer(strategy='median')
train_df[numerical_cols_train] = imputer_num.fit_transform(train_df[numerical_cols_train])

imputer_cat = SimpleImputer(strategy='most_frequent')
train_df[categorical_cols_train] = imputer_cat.fit_transform(train_df[categorical_cols_train])

# Handle missing values in test data
numerical_cols_test = [c for c in test_df.columns if test_df[c].dtype != 'object']
categorical_cols_test = [c for c in test_df.columns if test_df[c].dtype == 'object']

test_df[numerical_cols_test] = imputer_num.transform(test_df[numerical_cols_test])
test_df[categorical_cols_test] = imputer_cat.transform(test_df[categorical_cols_test])

# Encode categorical variables
label_encoders = {}
for col in categorical_cols_train:
    le = LabelEncoder()
    train_df[col] = le.fit_transform(train_df[col])
    label_encoders[col] = le

for col in categorical_cols_test:
    train_df[col] = label_encoders[col].transform(test_df[col])

# Standardize numerical features
scaler = StandardScaler()
train_df[numerical_cols_train] = scaler.fit_transform(train_df[numerical_cols_train])
test_df[numerical_cols_test] = scaler.transform(test_df[numerical_cols_test])

# Print shapes and memory usage after transformations
print("Processed Train Shape:", train_df.shape)
print("Processed Test Shape:", test_df.shape)
print("Train Memory Usage:\n", train_df.memory_usage(deep=True))
print("Test Memory Usage:\n", test_df.memory_usage(deep=True))

# Save processed data back to files
train_df.to_csv('train.csv', index=False)
test_df.to_csv('test.csv', index=False)

print("Data processing complete and saved.")
Error: Traceback (most recent call last):
  File "/home/progifrogi/PycharmProjects/Agentic-Modeling-Operational-Engineering-Beta-Application/.venv/lib/python3.11/site-packages/sklearn/utils/_encode.py", line 229, in _encode
    return _map_to_integer(values, uniques)
           ^^^^^^^^^^^^^^^^^^^^^^^^^^^^^^^^
  File "/home/progifrogi/PycharmProjects/Agentic-Modeling-Operational-Engineering-Beta-Application/.venv/lib/python3.11/site-packages/sklearn/utils/_encode.py", line 168, in _map_to_integer
    return xp.asarray([table[v] for v in values], device=device(values))
                      ^^^^^^^^^^^^^^^^^^^^^^^^^^
  File "/home/progifrogi/PycharmProjects/Agentic-Modeling-Operational-Engineering-Beta-Application/.venv/lib/python3.11/site-packages/sklearn/utils/_encode.py", line 168, in <listcomp>
    return xp.asarray([table[v] for v in values], device=device(values))
                       ~~~~~^^^
  File "/home/progifrogi/PycharmProjects/Agentic-Modeling-Operational-Engineering-Beta-Application/.venv/lib/python3.11/site-packages/sklearn/utils/_encode.py", line 161, in __missing__
    raise KeyError(key)
KeyError: 'Amazing 4 Bedrooms 4 Bathrooms sleeps 9'

During handling of the above exception, another exception occurred:

Traceback (most recent call last):
  File "/tmp/tmpyjovny8a.py", line 63, in <module>
    train_df[col] = label_encoders[col].transform(test_df[col])
                    ^^^^^^^^^^^^^^^^^^^^^^^^^^^^^^^^^^^^^^^^^^^
  File "/home/progifrogi/PycharmProjects/Agentic-Modeling-Operational-Engineering-Beta-Application/.venv/lib/python3.11/site-packages/sklearn/preprocessing/_label.py", line 144, in transform
    return _encode(y, uniques=self.classes_)
           ^^^^^^^^^^^^^^^^^^^^^^^^^^^^^^^^^
  File "/home/progifrogi/PycharmProjects/Agentic-Modeling-Operational-Engineering-Beta-Application/.venv/lib/python3.11/site-packages/sklearn/utils/_encode.py", line 231, in _encode
    raise ValueError(f"y contains previously unseen labels: {e}")
ValueError: y contains previously unseen labels: 'Amazing 4 Bedrooms 4 Bathrooms sleeps 9'
Please provide correct code. Output only the code, no explanations.

2026-03-28 22:45:54,525 - INFO - Coder Response: import pandas as pd
from sklearn.preprocessing import StandardScaler, LabelEncoder
from sklearn.impute import SimpleImputer

# Load data
train_df = pd.read_csv('train.csv')
test_df = pd.read_csv('test.csv')

# Print initial shapes and memory usage
print("Initial Train Shape:", train_df.shape)
print("Initial Test Shape:", test_df.shape)
print("Train Memory Usage:\n", train_df.memory_usage(deep=True))
print("Test Memory Usage:\n", test_df.memory_usage(deep=True))

# Identify target variable
target_col = 'target'
numerical_cols_train = [c for c in train_df.columns if train_df[c].dtype != 'object' and c != target_col]
categorical_cols_train = [c for c in train_df.columns if train_df[c].dtype == 'object']

# Handle missing values in train data
imputer_num = SimpleImputer(strategy='median')
train_df[numerical_cols_train] = imputer_num.fit_transform(train_df[numerical_cols_train])

imputer_cat = SimpleImputer(strategy='most_frequent')
train_df[categorical_cols_train] = imputer_cat.fit_transform(train_df[categorical_cols_train])

# Handle missing values in test data
numerical_cols_test = [c for c in test_df.columns if test_df[c].dtype != 'object']
categorical_cols_test = [c for c in test_df.columns if test_df[c].dtype == 'object']

test_df[numerical_cols_test] = imputer_num.transform(test_df[numerical_cols_test])
test_df[categorical_cols_test] = imputer_cat.transform(test_df[categorical_cols_test])

# Encode categorical variables
label_encoders = {}
for col in categorical_cols_train:
    le = LabelEncoder()
    train_df[col] = le.fit_transform(train_df[col])
    label_encoders[col] = le

for col in categorical_cols_test:
    test_df[col] = label_encoders[col].transform(test_df[col])

# Standardize numerical features
scaler = StandardScaler()
train_df[numerical_cols_train] = scaler.fit_transform(train_df[numerical_cols_train])
test_df[numerical_cols_test] = scaler.transform(test_df[numerical_cols_test])

# Print shapes and memory usage after transformations
print("Processed Train Shape:", train_df.shape)
print("Processed Test Shape:", test_df.shape)
print("Train Memory Usage:\n", train_df.memory_usage(deep=True))
print("Test Memory Usage:\n", test_df.memory_usage(deep=True))

# Save processed data back to files
train_df.to_csv('train.csv', index=False)
test_df.to_csv('test.csv', index=False)

print("Data processing complete and saved.")
2026-03-28 22:45:55,373 - INFO - Code executed unsuccessfully: Traceback (most recent call last):
  File "/home/progifrogi/PycharmProjects/Agentic-Modeling-Operational-Engineering-Beta-Application/.venv/lib/python3.11/site-packages/sklearn/utils/_encode.py", line 229, in _encode
    return _map_to_integer(values, uniques)
           ^^^^^^^^^^^^^^^^^^^^^^^^^^^^^^^^
  File "/home/progifrogi/PycharmProjects/Agentic-Modeling-Operational-Engineering-Beta-Application/.venv/lib/python3.11/site-packages/sklearn/utils/_encode.py", line 168, in _map_to_integer
    return xp.asarray([table[v] for v in values], device=device(values))
                      ^^^^^^^^^^^^^^^^^^^^^^^^^^
  File "/home/progifrogi/PycharmProjects/Agentic-Modeling-Operational-Engineering-Beta-Application/.venv/lib/python3.11/site-packages/sklearn/utils/_encode.py", line 168, in <listcomp>
    return xp.asarray([table[v] for v in values], device=device(values))
                       ~~~~~^^^
  File "/home/progifrogi/PycharmProjects/Agentic-Modeling-Operational-Engineering-Beta-Application/.venv/lib/python3.11/site-packages/sklearn/utils/_encode.py", line 161, in __missing__
    raise KeyError(key)
KeyError: 'Amazing 4 Bedrooms 4 Bathrooms sleeps 9'

During handling of the above exception, another exception occurred:

Traceback (most recent call last):
  File "/tmp/tmpjlq9sj0m.py", line 63, in <module>
    test_df[col] = label_encoders[col].transform(test_df[col])
                   ^^^^^^^^^^^^^^^^^^^^^^^^^^^^^^^^^^^^^^^^^^^
  File "/home/progifrogi/PycharmProjects/Agentic-Modeling-Operational-Engineering-Beta-Application/.venv/lib/python3.11/site-packages/sklearn/preprocessing/_label.py", line 144, in transform
    return _encode(y, uniques=self.classes_)
           ^^^^^^^^^^^^^^^^^^^^^^^^^^^^^^^^^
  File "/home/progifrogi/PycharmProjects/Agentic-Modeling-Operational-Engineering-Beta-Application/.venv/lib/python3.11/site-packages/sklearn/utils/_encode.py", line 231, in _encode
    raise ValueError(f"y contains previously unseen labels: {e}")
ValueError: y contains previously unseen labels: 'Amazing 4 Bedrooms 4 Bathrooms sleeps 9'
2026-03-28 22:46:10,964 - INFO - Coder Request: The following code had an error:
import pandas as pd
from sklearn.preprocessing import StandardScaler, LabelEncoder
from sklearn.impute import SimpleImputer

# Load data
train_df = pd.read_csv('train.csv')
test_df = pd.read_csv('test.csv')

# Print initial shapes and memory usage
print("Initial Train Shape:", train_df.shape)
print("Initial Test Shape:", test_df.shape)
print("Train Memory Usage:\n", train_df.memory_usage(deep=True))
print("Test Memory Usage:\n", test_df.memory_usage(deep=True))

# Identify target variable
target_col = 'target'
numerical_cols_train = [c for c in train_df.columns if train_df[c].dtype != 'object' and c != target_col]
categorical_cols_train = [c for c in train_df.columns if train_df[c].dtype == 'object']

# Handle missing values in train data
imputer_num = SimpleImputer(strategy='median')
train_df[numerical_cols_train] = imputer_num.fit_transform(train_df[numerical_cols_train])

imputer_cat = SimpleImputer(strategy='most_frequent')
train_df[categorical_cols_train] = imputer_cat.fit_transform(train_df[categorical_cols_train])

# Handle missing values in test data
numerical_cols_test = [c for c in test_df.columns if test_df[c].dtype != 'object']
categorical_cols_test = [c for c in test_df.columns if test_df[c].dtype == 'object']

test_df[numerical_cols_test] = imputer_num.transform(test_df[numerical_cols_test])
test_df[categorical_cols_test] = imputer_cat.transform(test_df[categorical_cols_test])

# Encode categorical variables
label_encoders = {}
for col in categorical_cols_train:
    le = LabelEncoder()
    train_df[col] = le.fit_transform(train_df[col])
    label_encoders[col] = le

for col in categorical_cols_test:
    test_df[col] = label_encoders[col].transform(test_df[col])

# Standardize numerical features
scaler = StandardScaler()
train_df[numerical_cols_train] = scaler.fit_transform(train_df[numerical_cols_train])
test_df[numerical_cols_test] = scaler.transform(test_df[numerical_cols_test])

# Print shapes and memory usage after transformations
print("Processed Train Shape:", train_df.shape)
print("Processed Test Shape:", test_df.shape)
print("Train Memory Usage:\n", train_df.memory_usage(deep=True))
print("Test Memory Usage:\n", test_df.memory_usage(deep=True))

# Save processed data back to files
train_df.to_csv('train.csv', index=False)
test_df.to_csv('test.csv', index=False)

print("Data processing complete and saved.")
Error: Traceback (most recent call last):
  File "/home/progifrogi/PycharmProjects/Agentic-Modeling-Operational-Engineering-Beta-Application/.venv/lib/python3.11/site-packages/sklearn/utils/_encode.py", line 229, in _encode
    return _map_to_integer(values, uniques)
           ^^^^^^^^^^^^^^^^^^^^^^^^^^^^^^^^
  File "/home/progifrogi/PycharmProjects/Agentic-Modeling-Operational-Engineering-Beta-Application/.venv/lib/python3.11/site-packages/sklearn/utils/_encode.py", line 168, in _map_to_integer
    return xp.asarray([table[v] for v in values], device=device(values))
                      ^^^^^^^^^^^^^^^^^^^^^^^^^^
  File "/home/progifrogi/PycharmProjects/Agentic-Modeling-Operational-Engineering-Beta-Application/.venv/lib/python3.11/site-packages/sklearn/utils/_encode.py", line 168, in <listcomp>
    return xp.asarray([table[v] for v in values], device=device(values))
                       ~~~~~^^^
  File "/home/progifrogi/PycharmProjects/Agentic-Modeling-Operational-Engineering-Beta-Application/.venv/lib/python3.11/site-packages/sklearn/utils/_encode.py", line 161, in __missing__
    raise KeyError(key)
KeyError: 'Amazing 4 Bedrooms 4 Bathrooms sleeps 9'

During handling of the above exception, another exception occurred:

Traceback (most recent call last):
  File "/tmp/tmpjlq9sj0m.py", line 63, in <module>
    test_df[col] = label_encoders[col].transform(test_df[col])
                   ^^^^^^^^^^^^^^^^^^^^^^^^^^^^^^^^^^^^^^^^^^^
  File "/home/progifrogi/PycharmProjects/Agentic-Modeling-Operational-Engineering-Beta-Application/.venv/lib/python3.11/site-packages/sklearn/preprocessing/_label.py", line 144, in transform
    return _encode(y, uniques=self.classes_)
           ^^^^^^^^^^^^^^^^^^^^^^^^^^^^^^^^^
  File "/home/progifrogi/PycharmProjects/Agentic-Modeling-Operational-Engineering-Beta-Application/.venv/lib/python3.11/site-packages/sklearn/utils/_encode.py", line 231, in _encode
    raise ValueError(f"y contains previously unseen labels: {e}")
ValueError: y contains previously unseen labels: 'Amazing 4 Bedrooms 4 Bathrooms sleeps 9'
Please provide correct code. Output only the code, no explanations.

2026-03-28 22:46:10,964 - INFO - Coder Response: import pandas as pd
from sklearn.preprocessing import StandardScaler, LabelEncoder
from sklearn.impute import SimpleImputer

# Load data
train_df = pd.read_csv('train.csv')
test_df = pd.read_csv('test.csv')

# Print initial shapes and memory usage
print("Initial Train Shape:", train_df.shape)
print("Initial Test Shape:", test_df.shape)
print("Train Memory Usage:\n", train_df.memory_usage(deep=True))
print("Test Memory Usage:\n", test_df.memory_usage(deep=True))

# Identify target variable
target_col = 'target'
numerical_cols_train = [c for c in train_df.columns if train_df[c].dtype != 'object' and c != target_col]
categorical_cols_train = [c for c in train_df.columns if train_df[c].dtype == 'object']

# Handle missing values in train data
imputer_num = SimpleImputer(strategy='median')
train_df[numerical_cols_train] = imputer_num.fit_transform(train_df[numerical_cols_train])

imputer_cat = SimpleImputer(strategy='most_frequent')
train_df[categorical_cols_train] = imputer_cat.fit_transform(train_df[categorical_cols_train])

# Handle missing values in test data
numerical_cols_test = [c for c in test_df.columns if test_df[c].dtype != 'object']
categorical_cols_test = [c for c in test_df.columns if test_df[c].dtype == 'object']

test_df[numerical_cols_test] = imputer_num.transform(test_df[numerical_cols_test])
test_df[categorical_cols_test] = imputer_cat.transform(test_df[categorical_cols_test])

# Encode categorical variables
label_encoders = {}
for col in categorical_cols_train:
    le = LabelEncoder()
    train_df[col] = le.fit_transform(train_df[col])
    label_encoders[col] = le

for col in categorical_cols_test:
    # Ensure all categories in test data are seen in train data
    unseen_categories = set(test_df[col]) - set(label_encoders[col].classes_)
    if unseen_categories:
        for category in unseen_categories:
            label_encoders[col].classes_ = np.append(label_encoders[col].classes_, category)
    test_df[col] = label_encoders[col].transform(test_df[col])

# Standardize numerical features
scaler = StandardScaler()
train_df[numerical_cols_train] = scaler.fit_transform(train_df[numerical_cols_train])
test_df[numerical_cols_test] = scaler.transform(test_df[numerical_cols_test])

# Print shapes and memory usage after transformations
print("Processed Train Shape:", train_df.shape)
print("Processed Test Shape:", test_df.shape)
print("Train Memory Usage:\n", train_df.memory_usage(deep=True))
print("Test Memory Usage:\n", test_df.memory_usage(deep=True))

# Save processed data back to files
train_df.to_csv('train.csv', index=False)
test_df.to_csv('test.csv', index=False)

print("Data processing complete and saved.")
2026-03-28 22:46:11,836 - INFO - Code executed unsuccessfully: Traceback (most recent call last):
  File "/tmp/tmprz7cah8m.py", line 67, in <module>
    label_encoders[col].classes_ = np.append(label_encoders[col].classes_, category)
                                   ^^
NameError: name 'np' is not defined
2026-03-28 22:46:11,836 - INFO - [Wrapper] Coder finished.
2026-03-28 22:46:11,836 - INFO - [Wrapper] Response: Error: Traceback (most recent call last):
  File "/tmp/tmprz7cah8m.py", line 67, in <module>
    label_encoders[col].classes_ = np.append(label_encoders[col].classes_, category)
                                   ^^
NameError: name 'np' is not defined...
2026-03-28 22:46:13,817 - INFO - AnalyticREQUEST: 
You are a professional data analyst working with files in the session directory.

Current session directory: sessions/session_20260328_224521
Files available: ['train.csv', 'sample_submition.csv', 'competition_info.json', 'test.csv', 'solution.csv']

Current dataset state:
Train data: 36671 rows, 15 columns
Test data: 12224 rows, 14 columns

Dataset description from author: 
Dataset Description
# Files
train.csv - the training set
test.csv - the test set
sample_submission.csv - a sample submiss...
2026-03-28 22:46:13,817 - INFO - AnalyticRESPONSE: ```json
{
  "data_planner_request": "Please provide the competition type and evaluation metric, as well as any additional details about the target column. This information is crucial to proceed with proper data processing.",
  "satisfy_rate": 0.0
}
```
2026-03-28 22:46:13,817 - INFO - Parsed satisfy_rate: 0.0, done: False
2026-03-28 22:46:14,795 - INFO - AnalyticREQUEST: 
You are a professional data analyst working with files in the session directory.

Current session directory: sessions/session_20260328_224521
Files available: ['train.csv', 'sample_submition.csv', 'competition_info.json', 'test.csv', 'solution.csv']

Current dataset state:
Train data: 36671 rows, 15 columns
Test data: 12224 rows, 14 columns

Dataset description from author: 
Dataset Description
# Files
train.csv - the training set
test.csv - the test set
sample_submission.csv - a sample submiss...
2026-03-28 22:46:14,795 - INFO - AnalyticRESPONSE: ```json
{
  "data_planner_request": "",
  "satisfy_rate": 1.0
}
```
2026-03-28 22:46:14,795 - INFO - Parsed satisfy_rate: 1.0, done: True
2026-03-28 22:46:14,796 - INFO - Starting training phase...
2026-03-28 22:46:19,261 - INFO - Training plan generated: {'model_type': 'auto', 'hyperparameters': {'max_depth': 10, 'n_estimators': 100, 'learning_rate': 0.1}, 'cv_folds': 5, 'test_size': 0.2, 'random_state': 42, 'features_to_use': ['all'], 'preprocessing': ['scale', 'encode'], 'training_code_description': "This training plan uses an automated model selection process with a focus on gradient boosting, which is suitable for structured data like the one provided. The hyperparameters are set to balance between bias and variance. Cross-validation with 5 folds ensures robust evaluation of the model's performance. Feature scaling and encoding are applied to handle numerical and categorical variables effectively."}
2026-03-28 22:46:41,010 - INFO - Coder Request: 
    Write Python code for the following task:

Write Python code to train a model on the data.

IMPORTANT: You are ALREADY in the session directory. Use relative paths like 'train.csv', not absolute paths.

CRITICAL INFORMATION:
- Target column name is: 'unknown'
- Task type: regression
- Evaluation metric: unknown

Requirements:
1. Load data from: 'train.csv' and 'test.csv' (use relative paths)
2. Target column: 'unknown' (NOT 'unknown')
3. Task type: regression (metric: unknown)
4. Configuration: {
  "model_type": "auto",
  "hyperparameters": {
    "max_depth": 10,
    "n_estimators": 100,
    "learning_rate": 0.1
  },
  "cv_folds": 5,
  "test_size": 0.2,
  "random_state": 42,
  "features_to_use": [
    "all"
  ],
  "preprocessing": [
    "scale",
    "encode"
  ],
  "training_code_description": "This training plan uses an automated model selection process with a focus on gradient boosting, which is suitable for structured data like the one provided. The hyperparameters are set to balance between bias and variance. Cross-validation with 5 folds ensures robust evaluation of the model's performance. Feature scaling and encoding are applied to handle numerical and categorical variables effectively."
}
5. Save trained model to: 'model.pkl'
6. Save predictions on test data to: 'predictions.csv'
7. Calculate and print model score on validation set
8. Print feature importance if applicable

Rules:
- Use memory-efficient code
- Handle categorical features properly (frequency encoding for high cardinality)
- Scale numerical features if needed
- Use train/val split (80/20)
- Save model and predictions
- Print all metrics
- Handle missing values BEFORE training

Example structure:
```python
import pandas as pd
import numpy as np
from sklearn.model_selection import train_test_split
from sklearn.preprocessing import StandardScaler, LabelEncoder
from sklearn.ensemble import GradientBoostingRegressor
from sklearn.metrics import mean_squared_error, r2_score
import joblib

# Load data (relative paths!)
train = pd.read_csv('train.csv')
test = pd.read_csv('test.csv')


# Separate target - USE CORRECT COLUMN NAME!
target_col = 'unknown'
X = train.drop(target_col, axis=1)
y = train[target_col]

# Split
X_train, X_val, y_train, y_val = train_test_split(X, y, test_size=0.2, random_state=42)

# Handle missing values
for col in X.select_dtypes(['int64', 'float64']).columns:
    X_train[col].fillna(X_train[col].median(), inplace=True)
    X_val[col].fillna(X_train[col].median(), inplace=True)
    test[col].fillna(X_train[col].median(), inplace=True)

for col in X.select_dtypes(['object']).columns:
    mode_val = X_train[col].mode()[0] if not X_train[col].mode().empty else 'Unknown'
    X_train[col].fillna(mode_val, inplace=True)
    X_val[col].fillna(mode_val, inplace=True)
    test[col].fillna(mode_val, inplace=True)

# Handle categoricals (frequency encoding for high cardinality)
for col in X.select_dtypes(['object']).columns:
    if X[col].nunique() > 50:
        freq = X_train[col].value_counts(normalize=True)
        X_train[col] = X_train[col].map(freq).fillna(0)
        X_val[col] = X_val[col].map(freq).fillna(0)
        test[col] = test[col].map(freq).fillna(0)
        print(f"Frequency encoded {col}")
    else:
        le = LabelEncoder()
        X_train[col] = le.fit_transform(X_train[col].astype(str))
        X_val[col] = le.transform(X_val[col].astype(str))
        test[col] = le.transform(test[col].astype(str))
        print(f"Label encoded {col}")

# Scale numerical
num_cols = X.select_dtypes(['int64', 'float64']).columns
if len(num_cols) > 0:
    scaler = StandardScaler()
    X_train[num_cols] = scaler.fit_transform(X_train[num_cols])
    X_val[num_cols] = scaler.transform(X_val[num_cols])
    test[num_cols] = scaler.transform(test[num_cols])
    print(f"Scaled {len(num_cols)} numerical features")

# Train model
model = GradientBoostingRegressor(
    max_depth=10, 
    n_estimators=100, 
    learning_rate=0.1, 
    random_state=42
)
model.fit(X_train, y_train)
print("Model trained")

# Evaluate
y_pred = model.predict(X_val)
score = mean_squared_error(y_val, y_pred)
rmse = np.sqrt(score)
print(f"Validation unknown: {score:.6f}")
print(f"Validation RMSE: {rmse:.6f}")
print(f"Validation R2: {r2_score(y_val, y_pred):.6f}")

# Feature importance
if hasattr(model, 'feature_importances_'):
    importance = model.feature_importances_
    feat_imp = pd.DataFrame({'feature': X_train.columns, 'importance': importance})
    feat_imp = feat_imp.sort_values('importance', ascending=False).head(10)
    print("Top 10 feature importances:")
    print(feat_imp)

# Predict on test
test_pred = model.predict(test)
test_pred_df = pd.DataFrame({'prediction': test_pred})
test_pred_df.to_csv('predictions.csv', index=False)
print("Predictions saved to predictions.csv")

# Save model
joblib.dump(model, 'model.pkl')
print("Model saved to model.pkl")
Output ONLY the Python code, no explanations.

Important: When generating code, ensure:
    - Use proper spacing: "import pandas as pd" not "import pandasaspd"
    - Add spaces after commas: "func(arg1, arg2)" not "func(arg1,arg2)"
    - Put each statement on a new line
    - Use proper indentation (4 spaces per level)
    - Ensure the code runs without errors and outputs meaningful results.
    - If using sklearn, use sparse_output=False instead of sparse=False for OneHotEncoder (newer sklearn versions)
    - Use .ravel() when assigning imputed values to avoid dimension issues
    - Don't use matplotlib or seaborn for visualizations
    
    1. Memory efficiency is KEY - work with large datasets (36k rows, 15 columns)
    2. DO NOT create explosion of features - avoid OneHotEncoder on high-cardinality columns
    3. For columns with > 50 unique values, use:
       - Label Encoding, or
       - Frequency encoding, or
       - Keep as-is (if meaningful for model like text)
    4. Always print shapes and memory usage after operations
    5. Handle missing values simply:
       - Numerical: fill with median/mean
       - Categorical: fill with "Unknown" or mode
    6. For datetime: extract useful features (year, month, day, dayofweek)
    7. Use StandardScaler for numerical features
    8. Save processed files with .to_csv(index=False)
    9. Print progress messages
    10. **TEST DATA DOES NOT HAVE 'target' COLUMN** - This is the most important rule!
       - Always exclude 'target' from numerical_cols when processing test data
       - Use: numerical_cols_train = [c for c in numerical_cols if c != 'target']
       - For test: use the same columns as train WITHOUT 'target'
    REMEMBER - in test.csv not 'target'
    Output only the code, no explanations.
    
2026-03-28 22:46:41,011 - INFO - Coder Response: import pandas as pd
import numpy as np
from sklearn.model_selection import train_test_split
from sklearn.preprocessing import StandardScaler, LabelEncoder
from sklearn.ensemble import GradientBoostingRegressor
from sklearn.metrics import mean_squared_error, r2_score
import joblib

# Load data (relative paths!)
train = pd.read_csv('train.csv')
test = pd.read_csv('test.csv')

# Separate target - USE CORRECT COLUMN NAME!
target_col = 'unknown'
X = train.drop(target_col, axis=1)
y = train[target_col]

# Split
X_train, X_val, y_train, y_val = train_test_split(X, y, test_size=0.2, random_state=42)

# Handle missing values
for col in X.select_dtypes(['int64', 'float64']).columns:
    X_train[col].fillna(X_train[col].median(), inplace=True)
    X_val[col].fillna(X_train[col].median(), inplace=True)
    test[col].fillna(X_train[col].median(), inplace=True)

for col in X.select_dtypes(['object']).columns:
    mode_val = X_train[col].mode()[0] if not X_train[col].mode().empty else 'Unknown'
    X_train[col].fillna(mode_val, inplace=True)
    X_val[col].fillna(mode_val, inplace=True)
    test[col].fillna(mode_val, inplace=True)

# Handle categoricals (frequency encoding for high cardinality)
for col in X.select_dtypes(['object']).columns:
    if X[col].nunique() > 50:
        freq = X_train[col].value_counts(normalize=True)
        X_train[col] = X_train[col].map(freq).fillna(0)
        X_val[col] = X_val[col].map(freq).fillna(0)
        test[col] = test[col].map(freq).fillna(0)
        print(f"Frequency encoded {col}")
    else:
        le = LabelEncoder()
        X_train[col] = le.fit_transform(X_train[col].astype(str))
        X_val[col] = le.transform(X_val[col].astype(str))
        test[col] = le.transform(test[col].astype(str))
        print(f"Label encoded {col}")

# Scale numerical
num_cols = X.select_dtypes(['int64', 'float64']).columns
if len(num_cols) > 0:
    scaler = StandardScaler()
    X_train[num_cols] = scaler.fit_transform(X_train[num_cols])
    X_val[num_cols] = scaler.transform(X_val[num_cols])
    test[num_cols] = scaler.transform(test[num_cols])
    print(f"Scaled {len(num_cols)} numerical features")

# Train model
model = GradientBoostingRegressor(
    max_depth=10, 
    n_estimators=100, 
    learning_rate=0.1, 
    random_state=42
)
model.fit(X_train, y_train)
print("Model trained")

# Evaluate
y_pred = model.predict(X_val)
score = mean_squared_error(y_val, y_pred)
rmse = np.sqrt(score)
print(f"Validation unknown: {score:.6f}")
print(f"Validation RMSE: {rmse:.6f}")
print(f"Validation R2: {r2_score(y_val, y_pred):.6f}")

# Feature importance
if hasattr(model, 'feature_importances_'):
    importance = model.feature_importances_
    feat_imp = pd.DataFrame({'feature': X_train.columns, 'importance': importance})
    feat_imp = feat_imp.sort_values('importance', ascending=False).head(10)
    print("Top 10 feature importances:")
    print(feat_imp)

# Predict on test
test_pred = model.predict(test)
test_pred_df = pd.DataFrame({'prediction': test_pred})
test_pred_df.to_csv('predictions.csv', index=False)
print("Predictions saved to predictions.csv")

# Save model
joblib.dump(model, 'model.pkl')
print("Model saved to model.pkl")
2026-03-28 22:46:41,767 - INFO - Code executed unsuccessfully: Traceback (most recent call last):
  File "/tmp/tmp4h4p3mw9.py", line 36, in <module>
    X = train.drop(target_col, axis=1)
        ^^^^^^^^^^^^^^^^^^^^^^^^^^^^^^
  File "/home/progifrogi/PycharmProjects/Agentic-Modeling-Operational-Engineering-Beta-Application/.venv/lib/python3.11/site-packages/pandas/core/frame.py", line 5603, in drop
    return super().drop(
           ^^^^^^^^^^^^^
  File "/home/progifrogi/PycharmProjects/Agentic-Modeling-Operational-Engineering-Beta-Application/.venv/lib/python3.11/site-packages/pandas/core/generic.py", line 4810, in drop
    obj = obj._drop_axis(labels, axis, level=level, errors=errors)
          ^^^^^^^^^^^^^^^^^^^^^^^^^^^^^^^^^^^^^^^^^^^^^^^^^^^^^^^^
  File "/home/progifrogi/PycharmProjects/Agentic-Modeling-Operational-Engineering-Beta-Application/.venv/lib/python3.11/site-packages/pandas/core/generic.py", line 4852, in _drop_axis
    new_axis = axis.drop(labels, errors=errors)
               ^^^^^^^^^^^^^^^^^^^^^^^^^^^^^^^^
  File "/home/progifrogi/PycharmProjects/Agentic-Modeling-Operational-Engineering-Beta-Application/.venv/lib/python3.11/site-packages/pandas/core/indexes/base.py", line 7136, in drop
    raise KeyError(f"{labels[mask].tolist()} not found in axis")
KeyError: "['unknown'] not found in axis"
2026-03-28 22:47:03,090 - INFO - Coder Request: The following code had an error:
import pandas as pd
import numpy as np
from sklearn.model_selection import train_test_split
from sklearn.preprocessing import StandardScaler, LabelEncoder
from sklearn.ensemble import GradientBoostingRegressor
from sklearn.metrics import mean_squared_error, r2_score
import joblib

# Load data (relative paths!)
train = pd.read_csv('train.csv')
test = pd.read_csv('test.csv')

# Separate target - USE CORRECT COLUMN NAME!
target_col = 'unknown'
X = train.drop(target_col, axis=1)
y = train[target_col]

# Split
X_train, X_val, y_train, y_val = train_test_split(X, y, test_size=0.2, random_state=42)

# Handle missing values
for col in X.select_dtypes(['int64', 'float64']).columns:
    X_train[col].fillna(X_train[col].median(), inplace=True)
    X_val[col].fillna(X_train[col].median(), inplace=True)
    test[col].fillna(X_train[col].median(), inplace=True)

for col in X.select_dtypes(['object']).columns:
    mode_val = X_train[col].mode()[0] if not X_train[col].mode().empty else 'Unknown'
    X_train[col].fillna(mode_val, inplace=True)
    X_val[col].fillna(mode_val, inplace=True)
    test[col].fillna(mode_val, inplace=True)

# Handle categoricals (frequency encoding for high cardinality)
for col in X.select_dtypes(['object']).columns:
    if X[col].nunique() > 50:
        freq = X_train[col].value_counts(normalize=True)
        X_train[col] = X_train[col].map(freq).fillna(0)
        X_val[col] = X_val[col].map(freq).fillna(0)
        test[col] = test[col].map(freq).fillna(0)
        print(f"Frequency encoded {col}")
    else:
        le = LabelEncoder()
        X_train[col] = le.fit_transform(X_train[col].astype(str))
        X_val[col] = le.transform(X_val[col].astype(str))
        test[col] = le.transform(test[col].astype(str))
        print(f"Label encoded {col}")

# Scale numerical
num_cols = X.select_dtypes(['int64', 'float64']).columns
if len(num_cols) > 0:
    scaler = StandardScaler()
    X_train[num_cols] = scaler.fit_transform(X_train[num_cols])
    X_val[num_cols] = scaler.transform(X_val[num_cols])
    test[num_cols] = scaler.transform(test[num_cols])
    print(f"Scaled {len(num_cols)} numerical features")

# Train model
model = GradientBoostingRegressor(
    max_depth=10, 
    n_estimators=100, 
    learning_rate=0.1, 
    random_state=42
)
model.fit(X_train, y_train)
print("Model trained")

# Evaluate
y_pred = model.predict(X_val)
score = mean_squared_error(y_val, y_pred)
rmse = np.sqrt(score)
print(f"Validation unknown: {score:.6f}")
print(f"Validation RMSE: {rmse:.6f}")
print(f"Validation R2: {r2_score(y_val, y_pred):.6f}")

# Feature importance
if hasattr(model, 'feature_importances_'):
    importance = model.feature_importances_
    feat_imp = pd.DataFrame({'feature': X_train.columns, 'importance': importance})
    feat_imp = feat_imp.sort_values('importance', ascending=False).head(10)
    print("Top 10 feature importances:")
    print(feat_imp)

# Predict on test
test_pred = model.predict(test)
test_pred_df = pd.DataFrame({'prediction': test_pred})
test_pred_df.to_csv('predictions.csv', index=False)
print("Predictions saved to predictions.csv")

# Save model
joblib.dump(model, 'model.pkl')
print("Model saved to model.pkl")
Error: Traceback (most recent call last):
  File "/tmp/tmp4h4p3mw9.py", line 36, in <module>
    X = train.drop(target_col, axis=1)
        ^^^^^^^^^^^^^^^^^^^^^^^^^^^^^^
  File "/home/progifrogi/PycharmProjects/Agentic-Modeling-Operational-Engineering-Beta-Application/.venv/lib/python3.11/site-packages/pandas/core/frame.py", line 5603, in drop
    return super().drop(
           ^^^^^^^^^^^^^
  File "/home/progifrogi/PycharmProjects/Agentic-Modeling-Operational-Engineering-Beta-Application/.venv/lib/python3.11/site-packages/pandas/core/generic.py", line 4810, in drop
    obj = obj._drop_axis(labels, axis, level=level, errors=errors)
          ^^^^^^^^^^^^^^^^^^^^^^^^^^^^^^^^^^^^^^^^^^^^^^^^^^^^^^^^
  File "/home/progifrogi/PycharmProjects/Agentic-Modeling-Operational-Engineering-Beta-Application/.venv/lib/python3.11/site-packages/pandas/core/generic.py", line 4852, in _drop_axis
    new_axis = axis.drop(labels, errors=errors)
               ^^^^^^^^^^^^^^^^^^^^^^^^^^^^^^^^
  File "/home/progifrogi/PycharmProjects/Agentic-Modeling-Operational-Engineering-Beta-Application/.venv/lib/python3.11/site-packages/pandas/core/indexes/base.py", line 7136, in drop
    raise KeyError(f"{labels[mask].tolist()} not found in axis")
KeyError: "['unknown'] not found in axis"
Please provide correct code. Output only the code, no explanations.

2026-03-28 22:47:03,090 - INFO - Coder Response: import pandas as pd
import numpy as np
from sklearn.model_selection import train_test_split
from sklearn.preprocessing import StandardScaler, LabelEncoder
from sklearn.ensemble import GradientBoostingRegressor
from sklearn.metrics import mean_squared_error, r2_score
import joblib

# Load data (relative paths!)
train = pd.read_csv('train.csv')
test = pd.read_csv('test.csv')

# Separate target - USE CORRECT COLUMN NAME!
target_col = 'your_target_column_name'  # Replace with the actual target column name
X = train.drop(target_col, axis=1)
y = train[target_col]

# Split
X_train, X_val, y_train, y_val = train_test_split(X, y, test_size=0.2, random_state=42)

# Handle missing values
for col in X.select_dtypes(['int64', 'float64']).columns:
    X_train[col].fillna(X_train[col].median(), inplace=True)
    X_val[col].fillna(X_train[col].median(), inplace=True)
    test[col].fillna(X_train[col].median(), inplace=True)

for col in X.select_dtypes(['object']).columns:
    mode_val = X_train[col].mode()[0] if not X_train[col].mode().empty else 'Unknown'
    X_train[col].fillna(mode_val, inplace=True)
    X_val[col].fillna(mode_val, inplace=True)
    test[col].fillna(mode_val, inplace=True)

# Handle categoricals (frequency encoding for high cardinality)
for col in X.select_dtypes(['object']).columns:
    if X[col].nunique() > 50:
        freq = X_train[col].value_counts(normalize=True)
        X_train[col] = X_train[col].map(freq).fillna(0)
        X_val[col] = X_val[col].map(freq).fillna(0)
        test[col] = test[col].map(freq).fillna(0)
        print(f"Frequency encoded {col}")
    else:
        le = LabelEncoder()
        X_train[col] = le.fit_transform(X_train[col].astype(str))
        X_val[col] = le.transform(X_val[col].astype(str))
        test[col] = le.transform(test[col].astype(str))
        print(f"Label encoded {col}")

# Scale numerical
num_cols = X.select_dtypes(['int64', 'float64']).columns
if len(num_cols) > 0:
    scaler = StandardScaler()
    X_train[num_cols] = scaler.fit_transform(X_train[num_cols])
    X_val[num_cols] = scaler.transform(X_val[num_cols])
    test[num_cols] = scaler.transform(test[num_cols])
    print(f"Scaled {len(num_cols)} numerical features")

# Train model
model = GradientBoostingRegressor(
    max_depth=10, 
    n_estimators=100, 
    learning_rate=0.1, 
    random_state=42
)
model.fit(X_train, y_train)
print("Model trained")

# Evaluate
y_pred = model.predict(X_val)
score = mean_squared_error(y_val, y_pred)
rmse = np.sqrt(score)
print(f"Validation MSE: {score:.6f}")
print(f"Validation RMSE: {rmse:.6f}")
print(f"Validation R2: {r2_score(y_val, y_pred):.6f}")

# Feature importance
if hasattr(model, 'feature_importances_'):
    importance = model.feature_importances_
    feat_imp = pd.DataFrame({'feature': X_train.columns, 'importance': importance})
    feat_imp = feat_imp.sort_values('importance', ascending=False).head(10)
    print("Top 10 feature importances:")
    print(feat_imp)

# Predict on test
test_pred = model.predict(test)
test_pred_df = pd.DataFrame({'prediction': test_pred})
test_pred_df.to_csv('predictions.csv', index=False)
print("Predictions saved to predictions.csv")

# Save model
joblib.dump(model, 'model.pkl')
print("Model saved to model.pkl")
2026-03-28 22:47:03,855 - INFO - Code executed unsuccessfully: Traceback (most recent call last):
  File "/tmp/tmpt9scg5z9.py", line 36, in <module>
    X = train.drop(target_col, axis=1)
        ^^^^^^^^^^^^^^^^^^^^^^^^^^^^^^
  File "/home/progifrogi/PycharmProjects/Agentic-Modeling-Operational-Engineering-Beta-Application/.venv/lib/python3.11/site-packages/pandas/core/frame.py", line 5603, in drop
    return super().drop(
           ^^^^^^^^^^^^^
  File "/home/progifrogi/PycharmProjects/Agentic-Modeling-Operational-Engineering-Beta-Application/.venv/lib/python3.11/site-packages/pandas/core/generic.py", line 4810, in drop
    obj = obj._drop_axis(labels, axis, level=level, errors=errors)
          ^^^^^^^^^^^^^^^^^^^^^^^^^^^^^^^^^^^^^^^^^^^^^^^^^^^^^^^^
  File "/home/progifrogi/PycharmProjects/Agentic-Modeling-Operational-Engineering-Beta-Application/.venv/lib/python3.11/site-packages/pandas/core/generic.py", line 4852, in _drop_axis
    new_axis = axis.drop(labels, errors=errors)
               ^^^^^^^^^^^^^^^^^^^^^^^^^^^^^^^^
  File "/home/progifrogi/PycharmProjects/Agentic-Modeling-Operational-Engineering-Beta-Application/.venv/lib/python3.11/site-packages/pandas/core/indexes/base.py", line 7136, in drop
    raise KeyError(f"{labels[mask].tolist()} not found in axis")
KeyError: "['your_target_column_name'] not found in axis"
2026-03-28 22:47:26,058 - INFO - Coder Request: The following code had an error:
import pandas as pd
import numpy as np
from sklearn.model_selection import train_test_split
from sklearn.preprocessing import StandardScaler, LabelEncoder
from sklearn.ensemble import GradientBoostingRegressor
from sklearn.metrics import mean_squared_error, r2_score
import joblib

# Load data (relative paths!)
train = pd.read_csv('train.csv')
test = pd.read_csv('test.csv')

# Separate target - USE CORRECT COLUMN NAME!
target_col = 'your_target_column_name'  # Replace with the actual target column name
X = train.drop(target_col, axis=1)
y = train[target_col]

# Split
X_train, X_val, y_train, y_val = train_test_split(X, y, test_size=0.2, random_state=42)

# Handle missing values
for col in X.select_dtypes(['int64', 'float64']).columns:
    X_train[col].fillna(X_train[col].median(), inplace=True)
    X_val[col].fillna(X_train[col].median(), inplace=True)
    test[col].fillna(X_train[col].median(), inplace=True)

for col in X.select_dtypes(['object']).columns:
    mode_val = X_train[col].mode()[0] if not X_train[col].mode().empty else 'Unknown'
    X_train[col].fillna(mode_val, inplace=True)
    X_val[col].fillna(mode_val, inplace=True)
    test[col].fillna(mode_val, inplace=True)

# Handle categoricals (frequency encoding for high cardinality)
for col in X.select_dtypes(['object']).columns:
    if X[col].nunique() > 50:
        freq = X_train[col].value_counts(normalize=True)
        X_train[col] = X_train[col].map(freq).fillna(0)
        X_val[col] = X_val[col].map(freq).fillna(0)
        test[col] = test[col].map(freq).fillna(0)
        print(f"Frequency encoded {col}")
    else:
        le = LabelEncoder()
        X_train[col] = le.fit_transform(X_train[col].astype(str))
        X_val[col] = le.transform(X_val[col].astype(str))
        test[col] = le.transform(test[col].astype(str))
        print(f"Label encoded {col}")

# Scale numerical
num_cols = X.select_dtypes(['int64', 'float64']).columns
if len(num_cols) > 0:
    scaler = StandardScaler()
    X_train[num_cols] = scaler.fit_transform(X_train[num_cols])
    X_val[num_cols] = scaler.transform(X_val[num_cols])
    test[num_cols] = scaler.transform(test[num_cols])
    print(f"Scaled {len(num_cols)} numerical features")

# Train model
model = GradientBoostingRegressor(
    max_depth=10, 
    n_estimators=100, 
    learning_rate=0.1, 
    random_state=42
)
model.fit(X_train, y_train)
print("Model trained")

# Evaluate
y_pred = model.predict(X_val)
score = mean_squared_error(y_val, y_pred)
rmse = np.sqrt(score)
print(f"Validation MSE: {score:.6f}")
print(f"Validation RMSE: {rmse:.6f}")
print(f"Validation R2: {r2_score(y_val, y_pred):.6f}")

# Feature importance
if hasattr(model, 'feature_importances_'):
    importance = model.feature_importances_
    feat_imp = pd.DataFrame({'feature': X_train.columns, 'importance': importance})
    feat_imp = feat_imp.sort_values('importance', ascending=False).head(10)
    print("Top 10 feature importances:")
    print(feat_imp)

# Predict on test
test_pred = model.predict(test)
test_pred_df = pd.DataFrame({'prediction': test_pred})
test_pred_df.to_csv('predictions.csv', index=False)
print("Predictions saved to predictions.csv")

# Save model
joblib.dump(model, 'model.pkl')
print("Model saved to model.pkl")
Error: Traceback (most recent call last):
  File "/tmp/tmpt9scg5z9.py", line 36, in <module>
    X = train.drop(target_col, axis=1)
        ^^^^^^^^^^^^^^^^^^^^^^^^^^^^^^
  File "/home/progifrogi/PycharmProjects/Agentic-Modeling-Operational-Engineering-Beta-Application/.venv/lib/python3.11/site-packages/pandas/core/frame.py", line 5603, in drop
    return super().drop(
           ^^^^^^^^^^^^^
  File "/home/progifrogi/PycharmProjects/Agentic-Modeling-Operational-Engineering-Beta-Application/.venv/lib/python3.11/site-packages/pandas/core/generic.py", line 4810, in drop
    obj = obj._drop_axis(labels, axis, level=level, errors=errors)
          ^^^^^^^^^^^^^^^^^^^^^^^^^^^^^^^^^^^^^^^^^^^^^^^^^^^^^^^^
  File "/home/progifrogi/PycharmProjects/Agentic-Modeling-Operational-Engineering-Beta-Application/.venv/lib/python3.11/site-packages/pandas/core/generic.py", line 4852, in _drop_axis
    new_axis = axis.drop(labels, errors=errors)
               ^^^^^^^^^^^^^^^^^^^^^^^^^^^^^^^^
  File "/home/progifrogi/PycharmProjects/Agentic-Modeling-Operational-Engineering-Beta-Application/.venv/lib/python3.11/site-packages/pandas/core/indexes/base.py", line 7136, in drop
    raise KeyError(f"{labels[mask].tolist()} not found in axis")
KeyError: "['your_target_column_name'] not found in axis"
Please provide correct code. Output only the code, no explanations.

2026-03-28 22:47:26,058 - INFO - Coder Response: import pandas as pd
import numpy as np
from sklearn.model_selection import train_test_split
from sklearn.preprocessing import StandardScaler, LabelEncoder
from sklearn.ensemble import GradientBoostingRegressor
from sklearn.metrics import mean_squared_error, r2_score
import joblib

# Load data (relative paths!)
train = pd.read_csv('train.csv')
test = pd.read_csv('test.csv')

# Separate target - USE CORRECT COLUMN NAME!
target_col = 'your_target_column_name'  # Replace with the actual target column name
if target_col not in train.columns:
    raise ValueError(f"Target column '{target_col}' not found in the training data.")
X = train.drop(target_col, axis=1)
y = train[target_col]

# Split
X_train, X_val, y_train, y_val = train_test_split(X, y, test_size=0.2, random_state=42)

# Handle missing values
for col in X.select_dtypes(['int64', 'float64']).columns:
    X_train[col].fillna(X_train[col].median(), inplace=True)
    X_val[col].fillna(X_train[col].median(), inplace=True)
    test[col].fillna(X_train[col].median(), inplace=True)

for col in X.select_dtypes(['object']).columns:
    mode_val = X_train[col].mode()[0] if not X_train[col].mode().empty else 'Unknown'
    X_train[col].fillna(mode_val, inplace=True)
    X_val[col].fillna(mode_val, inplace=True)
    test[col].fillna(mode_val, inplace=True)

# Handle categoricals (frequency encoding for high cardinality)
for col in X.select_dtypes(['object']).columns:
    if X[col].nunique() > 50:
        freq = X_train[col].value_counts(normalize=True)
        X_train[col] = X_train[col].map(freq).fillna(0)
        X_val[col] = X_val[col].map(freq).fillna(0)
        test[col] = test[col].map(freq).fillna(0)
        print(f"Frequency encoded {col}")
    else:
        le = LabelEncoder()
        X_train[col] = le.fit_transform(X_train[col].astype(str))
        X_val[col] = le.transform(X_val[col].astype(str))
        test[col] = le.transform(test[col].astype(str))
        print(f"Label encoded {col}")

# Scale numerical
num_cols = X.select_dtypes(['int64', 'float64']).columns
if len(num_cols) > 0:
    scaler = StandardScaler()
    X_train[num_cols] = scaler.fit_transform(X_train[num_cols])
    X_val[num_cols] = scaler.transform(X_val[num_cols])
    test[num_cols] = scaler.transform(test[num_cols])
    print(f"Scaled {len(num_cols)} numerical features")

# Train model
model = GradientBoostingRegressor(
    max_depth=10, 
    n_estimators=100, 
    learning_rate=0.1, 
    random_state=42
)
model.fit(X_train, y_train)
print("Model trained")

# Evaluate
y_pred = model.predict(X_val)
score = mean_squared_error(y_val, y_pred)
rmse = np.sqrt(score)
print(f"Validation MSE: {score:.6f}")
print(f"Validation RMSE: {rmse:.6f}")
print(f"Validation R2: {r2_score(y_val, y_pred):.6f}")

# Feature importance
if hasattr(model, 'feature_importances_'):
    importance = model.feature_importances_
    feat_imp = pd.DataFrame({'feature': X_train.columns, 'importance': importance})
    feat_imp = feat_imp.sort_values('importance', ascending=False).head(10)
    print("Top 10 feature importances:")
    print(feat_imp)

# Predict on test
test_pred = model.predict(test)
test_pred_df = pd.DataFrame({'prediction': test_pred})
test_pred_df.to_csv('predictions.csv', index=False)
print("Predictions saved to predictions.csv")

# Save model
joblib.dump(model, 'model.pkl')
print("Model saved to model.pkl")
2026-03-28 22:47:26,819 - INFO - Code executed unsuccessfully: Traceback (most recent call last):
  File "/tmp/tmpxmlt3gqv.py", line 37, in <module>
    raise ValueError(f"Target column '{target_col}' not found in the training data.")
ValueError: Target column 'your_target_column_name' not found in the training data.
2026-03-28 22:47:47,787 - INFO - Coder Request: 
    Write Python code for the following task:

Write Python code to train a model on the data.

IMPORTANT: You are ALREADY in the session directory. Use relative paths like 'train.csv', not absolute paths.

CRITICAL INFORMATION:
- Target column name is: 'unknown'
- Task type: regression
- Evaluation metric: unknown

Requirements:
1. Load data from: 'train.csv' and 'test.csv' (use relative paths)
2. Target column: 'unknown' (NOT 'unknown')
3. Task type: regression (metric: unknown)
4. Configuration: {
  "model_type": "auto",
  "hyperparameters": {
    "max_depth": 10,
    "n_estimators": 100,
    "learning_rate": 0.1
  },
  "cv_folds": 5,
  "test_size": 0.2,
  "random_state": 42,
  "features_to_use": [
    "all"
  ],
  "preprocessing": [
    "scale",
    "encode"
  ],
  "training_code_description": "This training plan uses an automated model selection process with a focus on gradient boosting, which is suitable for structured data like the one provided. The hyperparameters are set to balance between bias and variance. Cross-validation with 5 folds ensures robust evaluation of the model's performance. Feature scaling and encoding are applied to handle numerical and categorical variables effectively."
}
5. Save trained model to: 'model.pkl'
6. Save predictions on test data to: 'predictions.csv'
7. Calculate and print model score on validation set
8. Print feature importance if applicable

Rules:
- Use memory-efficient code
- Handle categorical features properly (frequency encoding for high cardinality)
- Scale numerical features if needed
- Use train/val split (80/20)
- Save model and predictions
- Print all metrics
- Handle missing values BEFORE training

Example structure:
```python
import pandas as pd
import numpy as np
from sklearn.model_selection import train_test_split
from sklearn.preprocessing import StandardScaler, LabelEncoder
from sklearn.ensemble import GradientBoostingRegressor
from sklearn.metrics import mean_squared_error, r2_score
import joblib

# Load data (relative paths!)
train = pd.read_csv('train.csv')
test = pd.read_csv('test.csv')


# Separate target - USE CORRECT COLUMN NAME!
target_col = 'unknown'
X = train.drop(target_col, axis=1)
y = train[target_col]

# Split
X_train, X_val, y_train, y_val = train_test_split(X, y, test_size=0.2, random_state=42)

# Handle missing values
for col in X.select_dtypes(['int64', 'float64']).columns:
    X_train[col].fillna(X_train[col].median(), inplace=True)
    X_val[col].fillna(X_train[col].median(), inplace=True)
    test[col].fillna(X_train[col].median(), inplace=True)

for col in X.select_dtypes(['object']).columns:
    mode_val = X_train[col].mode()[0] if not X_train[col].mode().empty else 'Unknown'
    X_train[col].fillna(mode_val, inplace=True)
    X_val[col].fillna(mode_val, inplace=True)
    test[col].fillna(mode_val, inplace=True)

# Handle categoricals (frequency encoding for high cardinality)
for col in X.select_dtypes(['object']).columns:
    if X[col].nunique() > 50:
        freq = X_train[col].value_counts(normalize=True)
        X_train[col] = X_train[col].map(freq).fillna(0)
        X_val[col] = X_val[col].map(freq).fillna(0)
        test[col] = test[col].map(freq).fillna(0)
        print(f"Frequency encoded {col}")
    else:
        le = LabelEncoder()
        X_train[col] = le.fit_transform(X_train[col].astype(str))
        X_val[col] = le.transform(X_val[col].astype(str))
        test[col] = le.transform(test[col].astype(str))
        print(f"Label encoded {col}")

# Scale numerical
num_cols = X.select_dtypes(['int64', 'float64']).columns
if len(num_cols) > 0:
    scaler = StandardScaler()
    X_train[num_cols] = scaler.fit_transform(X_train[num_cols])
    X_val[num_cols] = scaler.transform(X_val[num_cols])
    test[num_cols] = scaler.transform(test[num_cols])
    print(f"Scaled {len(num_cols)} numerical features")

# Train model
model = GradientBoostingRegressor(
    max_depth=10, 
    n_estimators=100, 
    learning_rate=0.1, 
    random_state=42
)
model.fit(X_train, y_train)
print("Model trained")

# Evaluate
y_pred = model.predict(X_val)
score = mean_squared_error(y_val, y_pred)
rmse = np.sqrt(score)
print(f"Validation unknown: {score:.6f}")
print(f"Validation RMSE: {rmse:.6f}")
print(f"Validation R2: {r2_score(y_val, y_pred):.6f}")

# Feature importance
if hasattr(model, 'feature_importances_'):
    importance = model.feature_importances_
    feat_imp = pd.DataFrame({'feature': X_train.columns, 'importance': importance})
    feat_imp = feat_imp.sort_values('importance', ascending=False).head(10)
    print("Top 10 feature importances:")
    print(feat_imp)

# Predict on test
test_pred = model.predict(test)
test_pred_df = pd.DataFrame({'prediction': test_pred})
test_pred_df.to_csv('predictions.csv', index=False)
print("Predictions saved to predictions.csv")

# Save model
joblib.dump(model, 'model.pkl')
print("Model saved to model.pkl")
Output ONLY the Python code, no explanations.

Important: When generating code, ensure:
    - Use proper spacing: "import pandas as pd" not "import pandasaspd"
    - Add spaces after commas: "func(arg1, arg2)" not "func(arg1,arg2)"
    - Put each statement on a new line
    - Use proper indentation (4 spaces per level)
    - Ensure the code runs without errors and outputs meaningful results.
    - If using sklearn, use sparse_output=False instead of sparse=False for OneHotEncoder (newer sklearn versions)
    - Use .ravel() when assigning imputed values to avoid dimension issues
    - Don't use matplotlib or seaborn for visualizations
    
    1. Memory efficiency is KEY - work with large datasets (36k rows, 15 columns)
    2. DO NOT create explosion of features - avoid OneHotEncoder on high-cardinality columns
    3. For columns with > 50 unique values, use:
       - Label Encoding, or
       - Frequency encoding, or
       - Keep as-is (if meaningful for model like text)
    4. Always print shapes and memory usage after operations
    5. Handle missing values simply:
       - Numerical: fill with median/mean
       - Categorical: fill with "Unknown" or mode
    6. For datetime: extract useful features (year, month, day, dayofweek)
    7. Use StandardScaler for numerical features
    8. Save processed files with .to_csv(index=False)
    9. Print progress messages
    10. **TEST DATA DOES NOT HAVE 'target' COLUMN** - This is the most important rule!
       - Always exclude 'target' from numerical_cols when processing test data
       - Use: numerical_cols_train = [c for c in numerical_cols if c != 'target']
       - For test: use the same columns as train WITHOUT 'target'
    REMEMBER - in test.csv not 'target'
    Output only the code, no explanations.
    
2026-03-28 22:47:47,788 - INFO - Coder Response: import pandas as pd
import numpy as np
from sklearn.model_selection import train_test_split
from sklearn.preprocessing import StandardScaler, LabelEncoder
from sklearn.ensemble import GradientBoostingRegressor
from sklearn.metrics import mean_squared_error, r2_score
import joblib

# Load data (relative paths!)
train = pd.read_csv('train.csv')
test = pd.read_csv('test.csv')

# Separate target - USE CORRECT COLUMN NAME!
target_col = 'unknown'
X = train.drop(target_col, axis=1)
y = train[target_col]

# Split
X_train, X_val, y_train, y_val = train_test_split(X, y, test_size=0.2, random_state=42)

# Handle missing values
for col in X.select_dtypes(['int64', 'float64']).columns:
    X_train[col].fillna(X_train[col].median(), inplace=True)
    X_val[col].fillna(X_train[col].median(), inplace=True)
    test[col].fillna(X_train[col].median(), inplace=True)

for col in X.select_dtypes(['object']).columns:
    mode_val = X_train[col].mode()[0] if not X_train[col].mode().empty else 'Unknown'
    X_train[col].fillna(mode_val, inplace=True)
    X_val[col].fillna(mode_val, inplace=True)
    test[col].fillna(mode_val, inplace=True)

# Handle categoricals (frequency encoding for high cardinality)
for col in X.select_dtypes(['object']).columns:
    if X[col].nunique() > 50:
        freq = X_train[col].value_counts(normalize=True)
        X_train[col] = X_train[col].map(freq).fillna(0)
        X_val[col] = X_val[col].map(freq).fillna(0)
        test[col] = test[col].map(freq).fillna(0)
        print(f"Frequency encoded {col}")
    else:
        le = LabelEncoder()
        X_train[col] = le.fit_transform(X_train[col].astype(str))
        X_val[col] = le.transform(X_val[col].astype(str))
        test[col] = le.transform(test[col].astype(str))
        print(f"Label encoded {col}")

# Scale numerical
num_cols = X.select_dtypes(['int64', 'float64']).columns
if len(num_cols) > 0:
    scaler = StandardScaler()
    X_train[num_cols] = scaler.fit_transform(X_train[num_cols])
    X_val[num_cols] = scaler.transform(X_val[num_cols])
    test[num_cols] = scaler.transform(test[num_cols])
    print(f"Scaled {len(num_cols)} numerical features")

# Train model
model = GradientBoostingRegressor(
    max_depth=10, 
    n_estimators=100, 
    learning_rate=0.1, 
    random_state=42
)
model.fit(X_train, y_train)
print("Model trained")

# Evaluate
y_pred = model.predict(X_val)
score = mean_squared_error(y_val, y_pred)
rmse = np.sqrt(score)
print(f"Validation unknown: {score:.6f}")
print(f"Validation RMSE: {rmse:.6f}")
print(f"Validation R2: {r2_score(y_val, y_pred):.6f}")

# Feature importance
if hasattr(model, 'feature_importances_'):
    importance = model.feature_importances_
    feat_imp = pd.DataFrame({'feature': X_train.columns, 'importance': importance})
    feat_imp = feat_imp.sort_values('importance', ascending=False).head(10)
    print("Top 10 feature importances:")
    print(feat_imp)

# Predict on test
test_pred = model.predict(test)
test_pred_df = pd.DataFrame({'prediction': test_pred})
test_pred_df.to_csv('predictions.csv', index=False)
print("Predictions saved to predictions.csv")

# Save model
joblib.dump(model, 'model.pkl')
print("Model saved to model.pkl")
2026-03-28 22:47:48,540 - INFO - Code executed unsuccessfully: Traceback (most recent call last):
  File "/tmp/tmp1rfc6hbc.py", line 36, in <module>
    X = train.drop(target_col, axis=1)
        ^^^^^^^^^^^^^^^^^^^^^^^^^^^^^^
  File "/home/progifrogi/PycharmProjects/Agentic-Modeling-Operational-Engineering-Beta-Application/.venv/lib/python3.11/site-packages/pandas/core/frame.py", line 5603, in drop
    return super().drop(
           ^^^^^^^^^^^^^
  File "/home/progifrogi/PycharmProjects/Agentic-Modeling-Operational-Engineering-Beta-Application/.venv/lib/python3.11/site-packages/pandas/core/generic.py", line 4810, in drop
    obj = obj._drop_axis(labels, axis, level=level, errors=errors)
          ^^^^^^^^^^^^^^^^^^^^^^^^^^^^^^^^^^^^^^^^^^^^^^^^^^^^^^^^
  File "/home/progifrogi/PycharmProjects/Agentic-Modeling-Operational-Engineering-Beta-Application/.venv/lib/python3.11/site-packages/pandas/core/generic.py", line 4852, in _drop_axis
    new_axis = axis.drop(labels, errors=errors)
               ^^^^^^^^^^^^^^^^^^^^^^^^^^^^^^^^
  File "/home/progifrogi/PycharmProjects/Agentic-Modeling-Operational-Engineering-Beta-Application/.venv/lib/python3.11/site-packages/pandas/core/indexes/base.py", line 7136, in drop
    raise KeyError(f"{labels[mask].tolist()} not found in axis")
KeyError: "['unknown'] not found in axis"
2026-03-28 22:48:09,433 - INFO - Coder Request: The following code had an error:
import pandas as pd
import numpy as np
from sklearn.model_selection import train_test_split
from sklearn.preprocessing import StandardScaler, LabelEncoder
from sklearn.ensemble import GradientBoostingRegressor
from sklearn.metrics import mean_squared_error, r2_score
import joblib

# Load data (relative paths!)
train = pd.read_csv('train.csv')
test = pd.read_csv('test.csv')

# Separate target - USE CORRECT COLUMN NAME!
target_col = 'unknown'
X = train.drop(target_col, axis=1)
y = train[target_col]

# Split
X_train, X_val, y_train, y_val = train_test_split(X, y, test_size=0.2, random_state=42)

# Handle missing values
for col in X.select_dtypes(['int64', 'float64']).columns:
    X_train[col].fillna(X_train[col].median(), inplace=True)
    X_val[col].fillna(X_train[col].median(), inplace=True)
    test[col].fillna(X_train[col].median(), inplace=True)

for col in X.select_dtypes(['object']).columns:
    mode_val = X_train[col].mode()[0] if not X_train[col].mode().empty else 'Unknown'
    X_train[col].fillna(mode_val, inplace=True)
    X_val[col].fillna(mode_val, inplace=True)
    test[col].fillna(mode_val, inplace=True)

# Handle categoricals (frequency encoding for high cardinality)
for col in X.select_dtypes(['object']).columns:
    if X[col].nunique() > 50:
        freq = X_train[col].value_counts(normalize=True)
        X_train[col] = X_train[col].map(freq).fillna(0)
        X_val[col] = X_val[col].map(freq).fillna(0)
        test[col] = test[col].map(freq).fillna(0)
        print(f"Frequency encoded {col}")
    else:
        le = LabelEncoder()
        X_train[col] = le.fit_transform(X_train[col].astype(str))
        X_val[col] = le.transform(X_val[col].astype(str))
        test[col] = le.transform(test[col].astype(str))
        print(f"Label encoded {col}")

# Scale numerical
num_cols = X.select_dtypes(['int64', 'float64']).columns
if len(num_cols) > 0:
    scaler = StandardScaler()
    X_train[num_cols] = scaler.fit_transform(X_train[num_cols])
    X_val[num_cols] = scaler.transform(X_val[num_cols])
    test[num_cols] = scaler.transform(test[num_cols])
    print(f"Scaled {len(num_cols)} numerical features")

# Train model
model = GradientBoostingRegressor(
    max_depth=10, 
    n_estimators=100, 
    learning_rate=0.1, 
    random_state=42
)
model.fit(X_train, y_train)
print("Model trained")

# Evaluate
y_pred = model.predict(X_val)
score = mean_squared_error(y_val, y_pred)
rmse = np.sqrt(score)
print(f"Validation unknown: {score:.6f}")
print(f"Validation RMSE: {rmse:.6f}")
print(f"Validation R2: {r2_score(y_val, y_pred):.6f}")

# Feature importance
if hasattr(model, 'feature_importances_'):
    importance = model.feature_importances_
    feat_imp = pd.DataFrame({'feature': X_train.columns, 'importance': importance})
    feat_imp = feat_imp.sort_values('importance', ascending=False).head(10)
    print("Top 10 feature importances:")
    print(feat_imp)

# Predict on test
test_pred = model.predict(test)
test_pred_df = pd.DataFrame({'prediction': test_pred})
test_pred_df.to_csv('predictions.csv', index=False)
print("Predictions saved to predictions.csv")

# Save model
joblib.dump(model, 'model.pkl')
print("Model saved to model.pkl")
Error: Traceback (most recent call last):
  File "/tmp/tmp1rfc6hbc.py", line 36, in <module>
    X = train.drop(target_col, axis=1)
        ^^^^^^^^^^^^^^^^^^^^^^^^^^^^^^
  File "/home/progifrogi/PycharmProjects/Agentic-Modeling-Operational-Engineering-Beta-Application/.venv/lib/python3.11/site-packages/pandas/core/frame.py", line 5603, in drop
    return super().drop(
           ^^^^^^^^^^^^^
  File "/home/progifrogi/PycharmProjects/Agentic-Modeling-Operational-Engineering-Beta-Application/.venv/lib/python3.11/site-packages/pandas/core/generic.py", line 4810, in drop
    obj = obj._drop_axis(labels, axis, level=level, errors=errors)
          ^^^^^^^^^^^^^^^^^^^^^^^^^^^^^^^^^^^^^^^^^^^^^^^^^^^^^^^^
  File "/home/progifrogi/PycharmProjects/Agentic-Modeling-Operational-Engineering-Beta-Application/.venv/lib/python3.11/site-packages/pandas/core/generic.py", line 4852, in _drop_axis
    new_axis = axis.drop(labels, errors=errors)
               ^^^^^^^^^^^^^^^^^^^^^^^^^^^^^^^^
  File "/home/progifrogi/PycharmProjects/Agentic-Modeling-Operational-Engineering-Beta-Application/.venv/lib/python3.11/site-packages/pandas/core/indexes/base.py", line 7136, in drop
    raise KeyError(f"{labels[mask].tolist()} not found in axis")
KeyError: "['unknown'] not found in axis"
Please provide correct code. Output only the code, no explanations.

2026-03-28 22:48:09,433 - INFO - Coder Response: import pandas as pd
import numpy as np
from sklearn.model_selection import train_test_split
from sklearn.preprocessing import StandardScaler, LabelEncoder
from sklearn.ensemble import GradientBoostingRegressor
from sklearn.metrics import mean_squared_error, r2_score
import joblib

# Load data (relative paths!)
train = pd.read_csv('train.csv')
test = pd.read_csv('test.csv')

# Separate target - USE CORRECT COLUMN NAME!
target_col = 'your_target_column_name'  # Replace with the actual target column name
X = train.drop(target_col, axis=1)
y = train[target_col]

# Split
X_train, X_val, y_train, y_val = train_test_split(X, y, test_size=0.2, random_state=42)

# Handle missing values
for col in X.select_dtypes(['int64', 'float64']).columns:
    X_train[col].fillna(X_train[col].median(), inplace=True)
    X_val[col].fillna(X_train[col].median(), inplace=True)
    test[col].fillna(X_train[col].median(), inplace=True)

for col in X.select_dtypes(['object']).columns:
    mode_val = X_train[col].mode()[0] if not X_train[col].mode().empty else 'Unknown'
    X_train[col].fillna(mode_val, inplace=True)
    X_val[col].fillna(mode_val, inplace=True)
    test[col].fillna(mode_val, inplace=True)

# Handle categoricals (frequency encoding for high cardinality)
for col in X.select_dtypes(['object']).columns:
    if X[col].nunique() > 50:
        freq = X_train[col].value_counts(normalize=True)
        X_train[col] = X_train[col].map(freq).fillna(0)
        X_val[col] = X_val[col].map(freq).fillna(0)
        test[col] = test[col].map(freq).fillna(0)
        print(f"Frequency encoded {col}")
    else:
        le = LabelEncoder()
        X_train[col] = le.fit_transform(X_train[col].astype(str))
        X_val[col] = le.transform(X_val[col].astype(str))
        test[col] = le.transform(test[col].astype(str))
        print(f"Label encoded {col}")

# Scale numerical
num_cols = X.select_dtypes(['int64', 'float64']).columns
if len(num_cols) > 0:
    scaler = StandardScaler()
    X_train[num_cols] = scaler.fit_transform(X_train[num_cols])
    X_val[num_cols] = scaler.transform(X_val[num_cols])
    test[num_cols] = scaler.transform(test[num_cols])
    print(f"Scaled {len(num_cols)} numerical features")

# Train model
model = GradientBoostingRegressor(
    max_depth=10, 
    n_estimators=100, 
    learning_rate=0.1, 
    random_state=42
)
model.fit(X_train, y_train)
print("Model trained")

# Evaluate
y_pred = model.predict(X_val)
score = mean_squared_error(y_val, y_pred)
rmse = np.sqrt(score)
print(f"Validation MSE: {score:.6f}")
print(f"Validation RMSE: {rmse:.6f}")
print(f"Validation R2: {r2_score(y_val, y_pred):.6f}")

# Feature importance
if hasattr(model, 'feature_importances_'):
    importance = model.feature_importances_
    feat_imp = pd.DataFrame({'feature': X_train.columns, 'importance': importance})
    feat_imp = feat_imp.sort_values('importance', ascending=False).head(10)
    print("Top 10 feature importances:")
    print(feat_imp)

# Predict on test
test_pred = model.predict(test)
test_pred_df = pd.DataFrame({'prediction': test_pred})
test_pred_df.to_csv('predictions.csv', index=False)
print("Predictions saved to predictions.csv")

# Save model
joblib.dump(model, 'model.pkl')
print("Model saved to model.pkl")
2026-03-28 22:48:10,191 - INFO - Code executed unsuccessfully: Traceback (most recent call last):
  File "/tmp/tmppzd761c_.py", line 36, in <module>
    X = train.drop(target_col, axis=1)
        ^^^^^^^^^^^^^^^^^^^^^^^^^^^^^^
  File "/home/progifrogi/PycharmProjects/Agentic-Modeling-Operational-Engineering-Beta-Application/.venv/lib/python3.11/site-packages/pandas/core/frame.py", line 5603, in drop
    return super().drop(
           ^^^^^^^^^^^^^
  File "/home/progifrogi/PycharmProjects/Agentic-Modeling-Operational-Engineering-Beta-Application/.venv/lib/python3.11/site-packages/pandas/core/generic.py", line 4810, in drop
    obj = obj._drop_axis(labels, axis, level=level, errors=errors)
          ^^^^^^^^^^^^^^^^^^^^^^^^^^^^^^^^^^^^^^^^^^^^^^^^^^^^^^^^
  File "/home/progifrogi/PycharmProjects/Agentic-Modeling-Operational-Engineering-Beta-Application/.venv/lib/python3.11/site-packages/pandas/core/generic.py", line 4852, in _drop_axis
    new_axis = axis.drop(labels, errors=errors)
               ^^^^^^^^^^^^^^^^^^^^^^^^^^^^^^^^
  File "/home/progifrogi/PycharmProjects/Agentic-Modeling-Operational-Engineering-Beta-Application/.venv/lib/python3.11/site-packages/pandas/core/indexes/base.py", line 7136, in drop
    raise KeyError(f"{labels[mask].tolist()} not found in axis")
KeyError: "['your_target_column_name'] not found in axis"
2026-03-28 22:48:30,995 - INFO - Coder Request: The following code had an error:
import pandas as pd
import numpy as np
from sklearn.model_selection import train_test_split
from sklearn.preprocessing import StandardScaler, LabelEncoder
from sklearn.ensemble import GradientBoostingRegressor
from sklearn.metrics import mean_squared_error, r2_score
import joblib

# Load data (relative paths!)
train = pd.read_csv('train.csv')
test = pd.read_csv('test.csv')

# Separate target - USE CORRECT COLUMN NAME!
target_col = 'your_target_column_name'  # Replace with the actual target column name
X = train.drop(target_col, axis=1)
y = train[target_col]

# Split
X_train, X_val, y_train, y_val = train_test_split(X, y, test_size=0.2, random_state=42)

# Handle missing values
for col in X.select_dtypes(['int64', 'float64']).columns:
    X_train[col].fillna(X_train[col].median(), inplace=True)
    X_val[col].fillna(X_train[col].median(), inplace=True)
    test[col].fillna(X_train[col].median(), inplace=True)

for col in X.select_dtypes(['object']).columns:
    mode_val = X_train[col].mode()[0] if not X_train[col].mode().empty else 'Unknown'
    X_train[col].fillna(mode_val, inplace=True)
    X_val[col].fillna(mode_val, inplace=True)
    test[col].fillna(mode_val, inplace=True)

# Handle categoricals (frequency encoding for high cardinality)
for col in X.select_dtypes(['object']).columns:
    if X[col].nunique() > 50:
        freq = X_train[col].value_counts(normalize=True)
        X_train[col] = X_train[col].map(freq).fillna(0)
        X_val[col] = X_val[col].map(freq).fillna(0)
        test[col] = test[col].map(freq).fillna(0)
        print(f"Frequency encoded {col}")
    else:
        le = LabelEncoder()
        X_train[col] = le.fit_transform(X_train[col].astype(str))
        X_val[col] = le.transform(X_val[col].astype(str))
        test[col] = le.transform(test[col].astype(str))
        print(f"Label encoded {col}")

# Scale numerical
num_cols = X.select_dtypes(['int64', 'float64']).columns
if len(num_cols) > 0:
    scaler = StandardScaler()
    X_train[num_cols] = scaler.fit_transform(X_train[num_cols])
    X_val[num_cols] = scaler.transform(X_val[num_cols])
    test[num_cols] = scaler.transform(test[num_cols])
    print(f"Scaled {len(num_cols)} numerical features")

# Train model
model = GradientBoostingRegressor(
    max_depth=10, 
    n_estimators=100, 
    learning_rate=0.1, 
    random_state=42
)
model.fit(X_train, y_train)
print("Model trained")

# Evaluate
y_pred = model.predict(X_val)
score = mean_squared_error(y_val, y_pred)
rmse = np.sqrt(score)
print(f"Validation MSE: {score:.6f}")
print(f"Validation RMSE: {rmse:.6f}")
print(f"Validation R2: {r2_score(y_val, y_pred):.6f}")

# Feature importance
if hasattr(model, 'feature_importances_'):
    importance = model.feature_importances_
    feat_imp = pd.DataFrame({'feature': X_train.columns, 'importance': importance})
    feat_imp = feat_imp.sort_values('importance', ascending=False).head(10)
    print("Top 10 feature importances:")
    print(feat_imp)

# Predict on test
test_pred = model.predict(test)
test_pred_df = pd.DataFrame({'prediction': test_pred})
test_pred_df.to_csv('predictions.csv', index=False)
print("Predictions saved to predictions.csv")

# Save model
joblib.dump(model, 'model.pkl')
print("Model saved to model.pkl")
Error: Traceback (most recent call last):
  File "/tmp/tmppzd761c_.py", line 36, in <module>
    X = train.drop(target_col, axis=1)
        ^^^^^^^^^^^^^^^^^^^^^^^^^^^^^^
  File "/home/progifrogi/PycharmProjects/Agentic-Modeling-Operational-Engineering-Beta-Application/.venv/lib/python3.11/site-packages/pandas/core/frame.py", line 5603, in drop
    return super().drop(
           ^^^^^^^^^^^^^
  File "/home/progifrogi/PycharmProjects/Agentic-Modeling-Operational-Engineering-Beta-Application/.venv/lib/python3.11/site-packages/pandas/core/generic.py", line 4810, in drop
    obj = obj._drop_axis(labels, axis, level=level, errors=errors)
          ^^^^^^^^^^^^^^^^^^^^^^^^^^^^^^^^^^^^^^^^^^^^^^^^^^^^^^^^
  File "/home/progifrogi/PycharmProjects/Agentic-Modeling-Operational-Engineering-Beta-Application/.venv/lib/python3.11/site-packages/pandas/core/generic.py", line 4852, in _drop_axis
    new_axis = axis.drop(labels, errors=errors)
               ^^^^^^^^^^^^^^^^^^^^^^^^^^^^^^^^
  File "/home/progifrogi/PycharmProjects/Agentic-Modeling-Operational-Engineering-Beta-Application/.venv/lib/python3.11/site-packages/pandas/core/indexes/base.py", line 7136, in drop
    raise KeyError(f"{labels[mask].tolist()} not found in axis")
KeyError: "['your_target_column_name'] not found in axis"
Please provide correct code. Output only the code, no explanations.

2026-03-28 22:48:30,995 - INFO - Coder Response: import pandas as pd
import numpy as np
from sklearn.model_selection import train_test_split
from sklearn.preprocessing import StandardScaler, LabelEncoder
from sklearn.ensemble import GradientBoostingRegressor
from sklearn.metrics import mean_squared_error, r2_score
import joblib

# Load data (relative paths!)
train = pd.read_csv('train.csv')
test = pd.read_csv('test.csv')

# Separate target - USE CORRECT COLUMN NAME!
target_col = 'your_target_column_name'  # Replace with the actual target column name
X = train.drop(target_col, axis=1)
y = train[target_col]

# Split
X_train, X_val, y_train, y_val = train_test_split(X, y, test_size=0.2, random_state=42)

# Handle missing values
for col in X.select_dtypes(['int64', 'float64']).columns:
    X_train[col].fillna(X_train[col].median(), inplace=True)
    X_val[col].fillna(X_train[col].median(), inplace=True)
    test[col].fillna(X_train[col].median(), inplace=True)

for col in X.select_dtypes(['object']).columns:
    mode_val = X_train[col].mode()[0] if not X_train[col].mode().empty else 'Unknown'
    X_train[col].fillna(mode_val, inplace=True)
    X_val[col].fillna(mode_val, inplace=True)
    test[col].fillna(mode_val, inplace=True)

# Handle categoricals (frequency encoding for high cardinality)
for col in X.select_dtypes(['object']).columns:
    if X[col].nunique() > 50:
        freq = X_train[col].value_counts(normalize=True)
        X_train[col] = X_train[col].map(freq).fillna(0)
        X_val[col] = X_val[col].map(freq).fillna(0)
        test[col] = test[col].map(freq).fillna(0)
        print(f"Frequency encoded {col}")
    else:
        le = LabelEncoder()
        X_train[col] = le.fit_transform(X_train[col].astype(str))
        X_val[col] = le.transform(X_val[col].astype(str))
        test[col] = le.transform(test[col].astype(str))
        print(f"Label encoded {col}")

# Scale numerical
num_cols = X.select_dtypes(['int64', 'float64']).columns
if len(num_cols) > 0:
    scaler = StandardScaler()
    X_train[num_cols] = scaler.fit_transform(X_train[num_cols])
    X_val[num_cols] = scaler.transform(X_val[num_cols])
    test[num_cols] = scaler.transform(test[num_cols])
    print(f"Scaled {len(num_cols)} numerical features")

# Train model
model = GradientBoostingRegressor(
    max_depth=10, 
    n_estimators=100, 
    learning_rate=0.1, 
    random_state=42
)
model.fit(X_train, y_train)
print("Model trained")

# Evaluate
y_pred = model.predict(X_val)
score = mean_squared_error(y_val, y_pred)
rmse = np.sqrt(score)
print(f"Validation MSE: {score:.6f}")
print(f"Validation RMSE: {rmse:.6f}")
print(f"Validation R2: {r2_score(y_val, y_pred):.6f}")

# Feature importance
if hasattr(model, 'feature_importances_'):
    importance = model.feature_importances_
    feat_imp = pd.DataFrame({'feature': X_train.columns, 'importance': importance})
    feat_imp = feat_imp.sort_values('importance', ascending=False).head(10)
    print("Top 10 feature importances:")
    print(feat_imp)

# Predict on test
test_pred = model.predict(test)
test_pred_df = pd.DataFrame({'prediction': test_pred})
test_pred_df.to_csv('predictions.csv', index=False)
print("Predictions saved to predictions.csv")

# Save model
joblib.dump(model, 'model.pkl')
print("Model saved to model.pkl")
2026-03-28 22:48:31,750 - INFO - Code executed unsuccessfully: Traceback (most recent call last):
  File "/tmp/tmp6m_eulpx.py", line 36, in <module>
    X = train.drop(target_col, axis=1)
        ^^^^^^^^^^^^^^^^^^^^^^^^^^^^^^
  File "/home/progifrogi/PycharmProjects/Agentic-Modeling-Operational-Engineering-Beta-Application/.venv/lib/python3.11/site-packages/pandas/core/frame.py", line 5603, in drop
    return super().drop(
           ^^^^^^^^^^^^^
  File "/home/progifrogi/PycharmProjects/Agentic-Modeling-Operational-Engineering-Beta-Application/.venv/lib/python3.11/site-packages/pandas/core/generic.py", line 4810, in drop
    obj = obj._drop_axis(labels, axis, level=level, errors=errors)
          ^^^^^^^^^^^^^^^^^^^^^^^^^^^^^^^^^^^^^^^^^^^^^^^^^^^^^^^^
  File "/home/progifrogi/PycharmProjects/Agentic-Modeling-Operational-Engineering-Beta-Application/.venv/lib/python3.11/site-packages/pandas/core/generic.py", line 4852, in _drop_axis
    new_axis = axis.drop(labels, errors=errors)
               ^^^^^^^^^^^^^^^^^^^^^^^^^^^^^^^^
  File "/home/progifrogi/PycharmProjects/Agentic-Modeling-Operational-Engineering-Beta-Application/.venv/lib/python3.11/site-packages/pandas/core/indexes/base.py", line 7136, in drop
    raise KeyError(f"{labels[mask].tolist()} not found in axis")
KeyError: "['your_target_column_name'] not found in axis"
2026-03-28 22:48:52,941 - INFO - Coder Request: 
    Write Python code for the following task:

Write Python code to train a model on the data.

IMPORTANT: You are ALREADY in the session directory. Use relative paths like 'train.csv', not absolute paths.

CRITICAL INFORMATION:
- Target column name is: 'unknown'
- Task type: regression
- Evaluation metric: unknown

Requirements:
1. Load data from: 'train.csv' and 'test.csv' (use relative paths)
2. Target column: 'unknown' (NOT 'unknown')
3. Task type: regression (metric: unknown)
4. Configuration: {
  "model_type": "auto",
  "hyperparameters": {
    "max_depth": 10,
    "n_estimators": 100,
    "learning_rate": 0.1
  },
  "cv_folds": 5,
  "test_size": 0.2,
  "random_state": 42,
  "features_to_use": [
    "all"
  ],
  "preprocessing": [
    "scale",
    "encode"
  ],
  "training_code_description": "This training plan uses an automated model selection process with a focus on gradient boosting, which is suitable for structured data like the one provided. The hyperparameters are set to balance between bias and variance. Cross-validation with 5 folds ensures robust evaluation of the model's performance. Feature scaling and encoding are applied to handle numerical and categorical variables effectively."
}
5. Save trained model to: 'model.pkl'
6. Save predictions on test data to: 'predictions.csv'
7. Calculate and print model score on validation set
8. Print feature importance if applicable

Rules:
- Use memory-efficient code
- Handle categorical features properly (frequency encoding for high cardinality)
- Scale numerical features if needed
- Use train/val split (80/20)
- Save model and predictions
- Print all metrics
- Handle missing values BEFORE training

Example structure:
```python
import pandas as pd
import numpy as np
from sklearn.model_selection import train_test_split
from sklearn.preprocessing import StandardScaler, LabelEncoder
from sklearn.ensemble import GradientBoostingRegressor
from sklearn.metrics import mean_squared_error, r2_score
import joblib

# Load data (relative paths!)
train = pd.read_csv('train.csv')
test = pd.read_csv('test.csv')


# Separate target - USE CORRECT COLUMN NAME!
target_col = 'unknown'
X = train.drop(target_col, axis=1)
y = train[target_col]

# Split
X_train, X_val, y_train, y_val = train_test_split(X, y, test_size=0.2, random_state=42)

# Handle missing values
for col in X.select_dtypes(['int64', 'float64']).columns:
    X_train[col].fillna(X_train[col].median(), inplace=True)
    X_val[col].fillna(X_train[col].median(), inplace=True)
    test[col].fillna(X_train[col].median(), inplace=True)

for col in X.select_dtypes(['object']).columns:
    mode_val = X_train[col].mode()[0] if not X_train[col].mode().empty else 'Unknown'
    X_train[col].fillna(mode_val, inplace=True)
    X_val[col].fillna(mode_val, inplace=True)
    test[col].fillna(mode_val, inplace=True)

# Handle categoricals (frequency encoding for high cardinality)
for col in X.select_dtypes(['object']).columns:
    if X[col].nunique() > 50:
        freq = X_train[col].value_counts(normalize=True)
        X_train[col] = X_train[col].map(freq).fillna(0)
        X_val[col] = X_val[col].map(freq).fillna(0)
        test[col] = test[col].map(freq).fillna(0)
        print(f"Frequency encoded {col}")
    else:
        le = LabelEncoder()
        X_train[col] = le.fit_transform(X_train[col].astype(str))
        X_val[col] = le.transform(X_val[col].astype(str))
        test[col] = le.transform(test[col].astype(str))
        print(f"Label encoded {col}")

# Scale numerical
num_cols = X.select_dtypes(['int64', 'float64']).columns
if len(num_cols) > 0:
    scaler = StandardScaler()
    X_train[num_cols] = scaler.fit_transform(X_train[num_cols])
    X_val[num_cols] = scaler.transform(X_val[num_cols])
    test[num_cols] = scaler.transform(test[num_cols])
    print(f"Scaled {len(num_cols)} numerical features")

# Train model
model = GradientBoostingRegressor(
    max_depth=10, 
    n_estimators=100, 
    learning_rate=0.1, 
    random_state=42
)
model.fit(X_train, y_train)
print("Model trained")

# Evaluate
y_pred = model.predict(X_val)
score = mean_squared_error(y_val, y_pred)
rmse = np.sqrt(score)
print(f"Validation unknown: {score:.6f}")
print(f"Validation RMSE: {rmse:.6f}")
print(f"Validation R2: {r2_score(y_val, y_pred):.6f}")

# Feature importance
if hasattr(model, 'feature_importances_'):
    importance = model.feature_importances_
    feat_imp = pd.DataFrame({'feature': X_train.columns, 'importance': importance})
    feat_imp = feat_imp.sort_values('importance', ascending=False).head(10)
    print("Top 10 feature importances:")
    print(feat_imp)

# Predict on test
test_pred = model.predict(test)
test_pred_df = pd.DataFrame({'prediction': test_pred})
test_pred_df.to_csv('predictions.csv', index=False)
print("Predictions saved to predictions.csv")

# Save model
joblib.dump(model, 'model.pkl')
print("Model saved to model.pkl")
Output ONLY the Python code, no explanations.

Important: When generating code, ensure:
    - Use proper spacing: "import pandas as pd" not "import pandasaspd"
    - Add spaces after commas: "func(arg1, arg2)" not "func(arg1,arg2)"
    - Put each statement on a new line
    - Use proper indentation (4 spaces per level)
    - Ensure the code runs without errors and outputs meaningful results.
    - If using sklearn, use sparse_output=False instead of sparse=False for OneHotEncoder (newer sklearn versions)
    - Use .ravel() when assigning imputed values to avoid dimension issues
    - Don't use matplotlib or seaborn for visualizations
    
    1. Memory efficiency is KEY - work with large datasets (36k rows, 15 columns)
    2. DO NOT create explosion of features - avoid OneHotEncoder on high-cardinality columns
    3. For columns with > 50 unique values, use:
       - Label Encoding, or
       - Frequency encoding, or
       - Keep as-is (if meaningful for model like text)
    4. Always print shapes and memory usage after operations
    5. Handle missing values simply:
       - Numerical: fill with median/mean
       - Categorical: fill with "Unknown" or mode
    6. For datetime: extract useful features (year, month, day, dayofweek)
    7. Use StandardScaler for numerical features
    8. Save processed files with .to_csv(index=False)
    9. Print progress messages
    10. **TEST DATA DOES NOT HAVE 'target' COLUMN** - This is the most important rule!
       - Always exclude 'target' from numerical_cols when processing test data
       - Use: numerical_cols_train = [c for c in numerical_cols if c != 'target']
       - For test: use the same columns as train WITHOUT 'target'
    REMEMBER - in test.csv not 'target'
    Output only the code, no explanations.
    
2026-03-28 22:48:52,941 - INFO - Coder Response: import pandas as pd
import numpy as np
from sklearn.model_selection import train_test_split
from sklearn.preprocessing import StandardScaler, LabelEncoder
from sklearn.ensemble import GradientBoostingRegressor
from sklearn.metrics import mean_squared_error, r2_score
import joblib

# Load data (relative paths!)
train = pd.read_csv('train.csv')
test = pd.read_csv('test.csv')

# Separate target - USE CORRECT COLUMN NAME!
target_col = 'unknown'
X = train.drop(target_col, axis=1)
y = train[target_col]

# Split
X_train, X_val, y_train, y_val = train_test_split(X, y, test_size=0.2, random_state=42)

# Handle missing values
for col in X.select_dtypes(['int64', 'float64']).columns:
    X_train[col].fillna(X_train[col].median(), inplace=True)
    X_val[col].fillna(X_train[col].median(), inplace=True)
    test[col].fillna(X_train[col].median(), inplace=True)

for col in X.select_dtypes(['object']).columns:
    mode_val = X_train[col].mode()[0] if not X_train[col].mode().empty else 'Unknown'
    X_train[col].fillna(mode_val, inplace=True)
    X_val[col].fillna(mode_val, inplace=True)
    test[col].fillna(mode_val, inplace=True)

# Handle categoricals (frequency encoding for high cardinality)
for col in X.select_dtypes(['object']).columns:
    if X[col].nunique() > 50:
        freq = X_train[col].value_counts(normalize=True)
        X_train[col] = X_train[col].map(freq).fillna(0)
        X_val[col] = X_val[col].map(freq).fillna(0)
        test[col] = test[col].map(freq).fillna(0)
        print(f"Frequency encoded {col}")
    else:
        le = LabelEncoder()
        X_train[col] = le.fit_transform(X_train[col].astype(str))
        X_val[col] = le.transform(X_val[col].astype(str))
        test[col] = le.transform(test[col].astype(str))
        print(f"Label encoded {col}")

# Scale numerical
num_cols = X.select_dtypes(['int64', 'float64']).columns
if len(num_cols) > 0:
    scaler = StandardScaler()
    X_train[num_cols] = scaler.fit_transform(X_train[num_cols])
    X_val[num_cols] = scaler.transform(X_val[num_cols])
    test[num_cols] = scaler.transform(test[num_cols])
    print(f"Scaled {len(num_cols)} numerical features")

# Train model
model = GradientBoostingRegressor(
    max_depth=10, 
    n_estimators=100, 
    learning_rate=0.1, 
    random_state=42
)
model.fit(X_train, y_train)
print("Model trained")

# Evaluate
y_pred = model.predict(X_val)
score = mean_squared_error(y_val, y_pred)
rmse = np.sqrt(score)
print(f"Validation unknown: {score:.6f}")
print(f"Validation RMSE: {rmse:.6f}")
print(f"Validation R2: {r2_score(y_val, y_pred):.6f}")

# Feature importance
if hasattr(model, 'feature_importances_'):
    importance = model.feature_importances_
    feat_imp = pd.DataFrame({'feature': X_train.columns, 'importance': importance})
    feat_imp = feat_imp.sort_values('importance', ascending=False).head(10)
    print("Top 10 feature importances:")
    print(feat_imp)

# Predict on test
test_pred = model.predict(test)
test_pred_df = pd.DataFrame({'prediction': test_pred})
test_pred_df.to_csv('predictions.csv', index=False)
print("Predictions saved to predictions.csv")

# Save model
joblib.dump(model, 'model.pkl')
print("Model saved to model.pkl")
2026-03-28 22:48:53,699 - INFO - Code executed unsuccessfully: Traceback (most recent call last):
  File "/tmp/tmpky5w5bi3.py", line 36, in <module>
    X = train.drop(target_col, axis=1)
        ^^^^^^^^^^^^^^^^^^^^^^^^^^^^^^
  File "/home/progifrogi/PycharmProjects/Agentic-Modeling-Operational-Engineering-Beta-Application/.venv/lib/python3.11/site-packages/pandas/core/frame.py", line 5603, in drop
    return super().drop(
           ^^^^^^^^^^^^^
  File "/home/progifrogi/PycharmProjects/Agentic-Modeling-Operational-Engineering-Beta-Application/.venv/lib/python3.11/site-packages/pandas/core/generic.py", line 4810, in drop
    obj = obj._drop_axis(labels, axis, level=level, errors=errors)
          ^^^^^^^^^^^^^^^^^^^^^^^^^^^^^^^^^^^^^^^^^^^^^^^^^^^^^^^^
  File "/home/progifrogi/PycharmProjects/Agentic-Modeling-Operational-Engineering-Beta-Application/.venv/lib/python3.11/site-packages/pandas/core/generic.py", line 4852, in _drop_axis
    new_axis = axis.drop(labels, errors=errors)
               ^^^^^^^^^^^^^^^^^^^^^^^^^^^^^^^^
  File "/home/progifrogi/PycharmProjects/Agentic-Modeling-Operational-Engineering-Beta-Application/.venv/lib/python3.11/site-packages/pandas/core/indexes/base.py", line 7136, in drop
    raise KeyError(f"{labels[mask].tolist()} not found in axis")
KeyError: "['unknown'] not found in axis"
2026-03-28 22:49:14,699 - INFO - Coder Request: The following code had an error:
import pandas as pd
import numpy as np
from sklearn.model_selection import train_test_split
from sklearn.preprocessing import StandardScaler, LabelEncoder
from sklearn.ensemble import GradientBoostingRegressor
from sklearn.metrics import mean_squared_error, r2_score
import joblib

# Load data (relative paths!)
train = pd.read_csv('train.csv')
test = pd.read_csv('test.csv')

# Separate target - USE CORRECT COLUMN NAME!
target_col = 'unknown'
X = train.drop(target_col, axis=1)
y = train[target_col]

# Split
X_train, X_val, y_train, y_val = train_test_split(X, y, test_size=0.2, random_state=42)

# Handle missing values
for col in X.select_dtypes(['int64', 'float64']).columns:
    X_train[col].fillna(X_train[col].median(), inplace=True)
    X_val[col].fillna(X_train[col].median(), inplace=True)
    test[col].fillna(X_train[col].median(), inplace=True)

for col in X.select_dtypes(['object']).columns:
    mode_val = X_train[col].mode()[0] if not X_train[col].mode().empty else 'Unknown'
    X_train[col].fillna(mode_val, inplace=True)
    X_val[col].fillna(mode_val, inplace=True)
    test[col].fillna(mode_val, inplace=True)

# Handle categoricals (frequency encoding for high cardinality)
for col in X.select_dtypes(['object']).columns:
    if X[col].nunique() > 50:
        freq = X_train[col].value_counts(normalize=True)
        X_train[col] = X_train[col].map(freq).fillna(0)
        X_val[col] = X_val[col].map(freq).fillna(0)
        test[col] = test[col].map(freq).fillna(0)
        print(f"Frequency encoded {col}")
    else:
        le = LabelEncoder()
        X_train[col] = le.fit_transform(X_train[col].astype(str))
        X_val[col] = le.transform(X_val[col].astype(str))
        test[col] = le.transform(test[col].astype(str))
        print(f"Label encoded {col}")

# Scale numerical
num_cols = X.select_dtypes(['int64', 'float64']).columns
if len(num_cols) > 0:
    scaler = StandardScaler()
    X_train[num_cols] = scaler.fit_transform(X_train[num_cols])
    X_val[num_cols] = scaler.transform(X_val[num_cols])
    test[num_cols] = scaler.transform(test[num_cols])
    print(f"Scaled {len(num_cols)} numerical features")

# Train model
model = GradientBoostingRegressor(
    max_depth=10, 
    n_estimators=100, 
    learning_rate=0.1, 
    random_state=42
)
model.fit(X_train, y_train)
print("Model trained")

# Evaluate
y_pred = model.predict(X_val)
score = mean_squared_error(y_val, y_pred)
rmse = np.sqrt(score)
print(f"Validation unknown: {score:.6f}")
print(f"Validation RMSE: {rmse:.6f}")
print(f"Validation R2: {r2_score(y_val, y_pred):.6f}")

# Feature importance
if hasattr(model, 'feature_importances_'):
    importance = model.feature_importances_
    feat_imp = pd.DataFrame({'feature': X_train.columns, 'importance': importance})
    feat_imp = feat_imp.sort_values('importance', ascending=False).head(10)
    print("Top 10 feature importances:")
    print(feat_imp)

# Predict on test
test_pred = model.predict(test)
test_pred_df = pd.DataFrame({'prediction': test_pred})
test_pred_df.to_csv('predictions.csv', index=False)
print("Predictions saved to predictions.csv")

# Save model
joblib.dump(model, 'model.pkl')
print("Model saved to model.pkl")
Error: Traceback (most recent call last):
  File "/tmp/tmpky5w5bi3.py", line 36, in <module>
    X = train.drop(target_col, axis=1)
        ^^^^^^^^^^^^^^^^^^^^^^^^^^^^^^
  File "/home/progifrogi/PycharmProjects/Agentic-Modeling-Operational-Engineering-Beta-Application/.venv/lib/python3.11/site-packages/pandas/core/frame.py", line 5603, in drop
    return super().drop(
           ^^^^^^^^^^^^^
  File "/home/progifrogi/PycharmProjects/Agentic-Modeling-Operational-Engineering-Beta-Application/.venv/lib/python3.11/site-packages/pandas/core/generic.py", line 4810, in drop
    obj = obj._drop_axis(labels, axis, level=level, errors=errors)
          ^^^^^^^^^^^^^^^^^^^^^^^^^^^^^^^^^^^^^^^^^^^^^^^^^^^^^^^^
  File "/home/progifrogi/PycharmProjects/Agentic-Modeling-Operational-Engineering-Beta-Application/.venv/lib/python3.11/site-packages/pandas/core/generic.py", line 4852, in _drop_axis
    new_axis = axis.drop(labels, errors=errors)
               ^^^^^^^^^^^^^^^^^^^^^^^^^^^^^^^^
  File "/home/progifrogi/PycharmProjects/Agentic-Modeling-Operational-Engineering-Beta-Application/.venv/lib/python3.11/site-packages/pandas/core/indexes/base.py", line 7136, in drop
    raise KeyError(f"{labels[mask].tolist()} not found in axis")
KeyError: "['unknown'] not found in axis"
Please provide correct code. Output only the code, no explanations.

2026-03-28 22:49:14,699 - INFO - Coder Response: import pandas as pd
import numpy as np
from sklearn.model_selection import train_test_split
from sklearn.preprocessing import StandardScaler, LabelEncoder
from sklearn.ensemble import GradientBoostingRegressor
from sklearn.metrics import mean_squared_error, r2_score
import joblib

# Load data (relative paths!)
train = pd.read_csv('train.csv')
test = pd.read_csv('test.csv')

# Separate target - USE CORRECT COLUMN NAME!
target_col = 'your_target_column_name'  # Replace with the actual target column name
X = train.drop(target_col, axis=1)
y = train[target_col]

# Split
X_train, X_val, y_train, y_val = train_test_split(X, y, test_size=0.2, random_state=42)

# Handle missing values
for col in X.select_dtypes(['int64', 'float64']).columns:
    X_train[col].fillna(X_train[col].median(), inplace=True)
    X_val[col].fillna(X_train[col].median(), inplace=True)
    test[col].fillna(X_train[col].median(), inplace=True)

for col in X.select_dtypes(['object']).columns:
    mode_val = X_train[col].mode()[0] if not X_train[col].mode().empty else 'Unknown'
    X_train[col].fillna(mode_val, inplace=True)
    X_val[col].fillna(mode_val, inplace=True)
    test[col].fillna(mode_val, inplace=True)

# Handle categoricals (frequency encoding for high cardinality)
for col in X.select_dtypes(['object']).columns:
    if X[col].nunique() > 50:
        freq = X_train[col].value_counts(normalize=True)
        X_train[col] = X_train[col].map(freq).fillna(0)
        X_val[col] = X_val[col].map(freq).fillna(0)
        test[col] = test[col].map(freq).fillna(0)
        print(f"Frequency encoded {col}")
    else:
        le = LabelEncoder()
        X_train[col] = le.fit_transform(X_train[col].astype(str))
        X_val[col] = le.transform(X_val[col].astype(str))
        test[col] = le.transform(test[col].astype(str))
        print(f"Label encoded {col}")

# Scale numerical
num_cols = X.select_dtypes(['int64', 'float64']).columns
if len(num_cols) > 0:
    scaler = StandardScaler()
    X_train[num_cols] = scaler.fit_transform(X_train[num_cols])
    X_val[num_cols] = scaler.transform(X_val[num_cols])
    test[num_cols] = scaler.transform(test[num_cols])
    print(f"Scaled {len(num_cols)} numerical features")

# Train model
model = GradientBoostingRegressor(
    max_depth=10, 
    n_estimators=100, 
    learning_rate=0.1, 
    random_state=42
)
model.fit(X_train, y_train)
print("Model trained")

# Evaluate
y_pred = model.predict(X_val)
score = mean_squared_error(y_val, y_pred)
rmse = np.sqrt(score)
print(f"Validation MSE: {score:.6f}")
print(f"Validation RMSE: {rmse:.6f}")
print(f"Validation R2: {r2_score(y_val, y_pred):.6f}")

# Feature importance
if hasattr(model, 'feature_importances_'):
    importance = model.feature_importances_
    feat_imp = pd.DataFrame({'feature': X_train.columns, 'importance': importance})
    feat_imp = feat_imp.sort_values('importance', ascending=False).head(10)
    print("Top 10 feature importances:")
    print(feat_imp)

# Predict on test
test_pred = model.predict(test)
test_pred_df = pd.DataFrame({'prediction': test_pred})
test_pred_df.to_csv('predictions.csv', index=False)
print("Predictions saved to predictions.csv")

# Save model
joblib.dump(model, 'model.pkl')
print("Model saved to model.pkl")
2026-03-28 22:49:15,475 - INFO - Code executed unsuccessfully: Traceback (most recent call last):
  File "/tmp/tmpcmygy1f9.py", line 36, in <module>
    X = train.drop(target_col, axis=1)
        ^^^^^^^^^^^^^^^^^^^^^^^^^^^^^^
  File "/home/progifrogi/PycharmProjects/Agentic-Modeling-Operational-Engineering-Beta-Application/.venv/lib/python3.11/site-packages/pandas/core/frame.py", line 5603, in drop
    return super().drop(
           ^^^^^^^^^^^^^
  File "/home/progifrogi/PycharmProjects/Agentic-Modeling-Operational-Engineering-Beta-Application/.venv/lib/python3.11/site-packages/pandas/core/generic.py", line 4810, in drop
    obj = obj._drop_axis(labels, axis, level=level, errors=errors)
          ^^^^^^^^^^^^^^^^^^^^^^^^^^^^^^^^^^^^^^^^^^^^^^^^^^^^^^^^
  File "/home/progifrogi/PycharmProjects/Agentic-Modeling-Operational-Engineering-Beta-Application/.venv/lib/python3.11/site-packages/pandas/core/generic.py", line 4852, in _drop_axis
    new_axis = axis.drop(labels, errors=errors)
               ^^^^^^^^^^^^^^^^^^^^^^^^^^^^^^^^
  File "/home/progifrogi/PycharmProjects/Agentic-Modeling-Operational-Engineering-Beta-Application/.venv/lib/python3.11/site-packages/pandas/core/indexes/base.py", line 7136, in drop
    raise KeyError(f"{labels[mask].tolist()} not found in axis")
KeyError: "['your_target_column_name'] not found in axis"
2026-03-28 22:49:37,896 - INFO - Coder Request: The following code had an error:
import pandas as pd
import numpy as np
from sklearn.model_selection import train_test_split
from sklearn.preprocessing import StandardScaler, LabelEncoder
from sklearn.ensemble import GradientBoostingRegressor
from sklearn.metrics import mean_squared_error, r2_score
import joblib

# Load data (relative paths!)
train = pd.read_csv('train.csv')
test = pd.read_csv('test.csv')

# Separate target - USE CORRECT COLUMN NAME!
target_col = 'your_target_column_name'  # Replace with the actual target column name
X = train.drop(target_col, axis=1)
y = train[target_col]

# Split
X_train, X_val, y_train, y_val = train_test_split(X, y, test_size=0.2, random_state=42)

# Handle missing values
for col in X.select_dtypes(['int64', 'float64']).columns:
    X_train[col].fillna(X_train[col].median(), inplace=True)
    X_val[col].fillna(X_train[col].median(), inplace=True)
    test[col].fillna(X_train[col].median(), inplace=True)

for col in X.select_dtypes(['object']).columns:
    mode_val = X_train[col].mode()[0] if not X_train[col].mode().empty else 'Unknown'
    X_train[col].fillna(mode_val, inplace=True)
    X_val[col].fillna(mode_val, inplace=True)
    test[col].fillna(mode_val, inplace=True)

# Handle categoricals (frequency encoding for high cardinality)
for col in X.select_dtypes(['object']).columns:
    if X[col].nunique() > 50:
        freq = X_train[col].value_counts(normalize=True)
        X_train[col] = X_train[col].map(freq).fillna(0)
        X_val[col] = X_val[col].map(freq).fillna(0)
        test[col] = test[col].map(freq).fillna(0)
        print(f"Frequency encoded {col}")
    else:
        le = LabelEncoder()
        X_train[col] = le.fit_transform(X_train[col].astype(str))
        X_val[col] = le.transform(X_val[col].astype(str))
        test[col] = le.transform(test[col].astype(str))
        print(f"Label encoded {col}")

# Scale numerical
num_cols = X.select_dtypes(['int64', 'float64']).columns
if len(num_cols) > 0:
    scaler = StandardScaler()
    X_train[num_cols] = scaler.fit_transform(X_train[num_cols])
    X_val[num_cols] = scaler.transform(X_val[num_cols])
    test[num_cols] = scaler.transform(test[num_cols])
    print(f"Scaled {len(num_cols)} numerical features")

# Train model
model = GradientBoostingRegressor(
    max_depth=10, 
    n_estimators=100, 
    learning_rate=0.1, 
    random_state=42
)
model.fit(X_train, y_train)
print("Model trained")

# Evaluate
y_pred = model.predict(X_val)
score = mean_squared_error(y_val, y_pred)
rmse = np.sqrt(score)
print(f"Validation MSE: {score:.6f}")
print(f"Validation RMSE: {rmse:.6f}")
print(f"Validation R2: {r2_score(y_val, y_pred):.6f}")

# Feature importance
if hasattr(model, 'feature_importances_'):
    importance = model.feature_importances_
    feat_imp = pd.DataFrame({'feature': X_train.columns, 'importance': importance})
    feat_imp = feat_imp.sort_values('importance', ascending=False).head(10)
    print("Top 10 feature importances:")
    print(feat_imp)

# Predict on test
test_pred = model.predict(test)
test_pred_df = pd.DataFrame({'prediction': test_pred})
test_pred_df.to_csv('predictions.csv', index=False)
print("Predictions saved to predictions.csv")

# Save model
joblib.dump(model, 'model.pkl')
print("Model saved to model.pkl")
Error: Traceback (most recent call last):
  File "/tmp/tmpcmygy1f9.py", line 36, in <module>
    X = train.drop(target_col, axis=1)
        ^^^^^^^^^^^^^^^^^^^^^^^^^^^^^^
  File "/home/progifrogi/PycharmProjects/Agentic-Modeling-Operational-Engineering-Beta-Application/.venv/lib/python3.11/site-packages/pandas/core/frame.py", line 5603, in drop
    return super().drop(
           ^^^^^^^^^^^^^
  File "/home/progifrogi/PycharmProjects/Agentic-Modeling-Operational-Engineering-Beta-Application/.venv/lib/python3.11/site-packages/pandas/core/generic.py", line 4810, in drop
    obj = obj._drop_axis(labels, axis, level=level, errors=errors)
          ^^^^^^^^^^^^^^^^^^^^^^^^^^^^^^^^^^^^^^^^^^^^^^^^^^^^^^^^
  File "/home/progifrogi/PycharmProjects/Agentic-Modeling-Operational-Engineering-Beta-Application/.venv/lib/python3.11/site-packages/pandas/core/generic.py", line 4852, in _drop_axis
    new_axis = axis.drop(labels, errors=errors)
               ^^^^^^^^^^^^^^^^^^^^^^^^^^^^^^^^
  File "/home/progifrogi/PycharmProjects/Agentic-Modeling-Operational-Engineering-Beta-Application/.venv/lib/python3.11/site-packages/pandas/core/indexes/base.py", line 7136, in drop
    raise KeyError(f"{labels[mask].tolist()} not found in axis")
KeyError: "['your_target_column_name'] not found in axis"
Please provide correct code. Output only the code, no explanations.

2026-03-28 22:49:37,896 - INFO - Coder Response: import pandas as pd
import numpy as np
from sklearn.model_selection import train_test_split
from sklearn.preprocessing import StandardScaler, LabelEncoder
from sklearn.ensemble import GradientBoostingRegressor
from sklearn.metrics import mean_squared_error, r2_score
import joblib

# Load data (relative paths!)
train = pd.read_csv('train.csv')
test = pd.read_csv('test.csv')

# Separate target - USE CORRECT COLUMN NAME!
target_col = 'your_target_column_name'  # Replace with the actual target column name
X = train.drop(target_col, axis=1)
y = train[target_col]

# Split
X_train, X_val, y_train, y_val = train_test_split(X, y, test_size=0.2, random_state=42)

# Handle missing values
for col in X.select_dtypes(['int64', 'float64']).columns:
    X_train[col].fillna(X_train[col].median(), inplace=True)
    X_val[col].fillna(X_train[col].median(), inplace=True)
    test[col].fillna(X_train[col].median(), inplace=True)

for col in X.select_dtypes(['object']).columns:
    mode_val = X_train[col].mode()[0] if not X_train[col].mode().empty else 'Unknown'
    X_train[col].fillna(mode_val, inplace=True)
    X_val[col].fillna(mode_val, inplace=True)
    test[col].fillna(mode_val, inplace=True)

# Handle categoricals (frequency encoding for high cardinality)
for col in X.select_dtypes(['object']).columns:
    if X[col].nunique() > 50:
        freq = X_train[col].value_counts(normalize=True)
        X_train[col] = X_train[col].map(freq).fillna(0)
        X_val[col] = X_val[col].map(freq).fillna(0)
        test[col] = test[col].map(freq).fillna(0)
        print(f"Frequency encoded {col}")
    else:
        le = LabelEncoder()
        X_train[col] = le.fit_transform(X_train[col].astype(str))
        X_val[col] = le.transform(X_val[col].astype(str))
        test[col] = le.transform(test[col].astype(str))
        print(f"Label encoded {col}")

# Scale numerical
num_cols = X.select_dtypes(['int64', 'float64']).columns
if len(num_cols) > 0:
    scaler = StandardScaler()
    X_train[num_cols] = scaler.fit_transform(X_train[num_cols])
    X_val[num_cols] = scaler.transform(X_val[num_cols])
    test[num_cols] = scaler.transform(test[num_cols])
    print(f"Scaled {len(num_cols)} numerical features")

# Train model
model = GradientBoostingRegressor(
    max_depth=10, 
    n_estimators=100, 
    learning_rate=0.1, 
    random_state=42
)
model.fit(X_train, y_train)
print("Model trained")

# Evaluate
y_pred = model.predict(X_val)
score = mean_squared_error(y_val, y_pred)
rmse = np.sqrt(score)
print(f"Validation MSE: {score:.6f}")
print(f"Validation RMSE: {rmse:.6f}")
print(f"Validation R2: {r2_score(y_val, y_pred):.6f}")

# Feature importance
if hasattr(model, 'feature_importances_'):
    importance = model.feature_importances_
    feat_imp = pd.DataFrame({'feature': X_train.columns, 'importance': importance})
    feat_imp = feat_imp.sort_values('importance', ascending=False).head(10)
    print("Top 10 feature importances:")
    print(feat_imp)

# Predict on test
test_pred = model.predict(test)
test_pred_df = pd.DataFrame({'prediction': test_pred})
test_pred_df.to_csv('predictions.csv', index=False)
print("Predictions saved to predictions.csv")

# Save model
joblib.dump(model, 'model.pkl')
print("Model saved to model.pkl")
2026-03-28 22:49:38,653 - INFO - Code executed unsuccessfully: Traceback (most recent call last):
  File "/tmp/tmprgc_xf3f.py", line 36, in <module>
    X = train.drop(target_col, axis=1)
        ^^^^^^^^^^^^^^^^^^^^^^^^^^^^^^
  File "/home/progifrogi/PycharmProjects/Agentic-Modeling-Operational-Engineering-Beta-Application/.venv/lib/python3.11/site-packages/pandas/core/frame.py", line 5603, in drop
    return super().drop(
           ^^^^^^^^^^^^^
  File "/home/progifrogi/PycharmProjects/Agentic-Modeling-Operational-Engineering-Beta-Application/.venv/lib/python3.11/site-packages/pandas/core/generic.py", line 4810, in drop
    obj = obj._drop_axis(labels, axis, level=level, errors=errors)
          ^^^^^^^^^^^^^^^^^^^^^^^^^^^^^^^^^^^^^^^^^^^^^^^^^^^^^^^^
  File "/home/progifrogi/PycharmProjects/Agentic-Modeling-Operational-Engineering-Beta-Application/.venv/lib/python3.11/site-packages/pandas/core/generic.py", line 4852, in _drop_axis
    new_axis = axis.drop(labels, errors=errors)
               ^^^^^^^^^^^^^^^^^^^^^^^^^^^^^^^^
  File "/home/progifrogi/PycharmProjects/Agentic-Modeling-Operational-Engineering-Beta-Application/.venv/lib/python3.11/site-packages/pandas/core/indexes/base.py", line 7136, in drop
    raise KeyError(f"{labels[mask].tolist()} not found in axis")
KeyError: "['your_target_column_name'] not found in axis"
