2026-03-28 21:38:56,466 - INFO - AnalyticREQUEST: 
    You are a professional data analyst working with files in the session directory.

    Current session directory: sessions/session_20260328_213856
    Files available: ['train.csv', 'test.csv']

    Dataset info:
    Train data: 36671 rows, 15 columns
    Test data: 12224 rows, 14 columns

    Dataset description from author: 
    Dataset Description
# Files
train.csv - the training set
test.csv - the test set
sample_submission.csv - a sample submission file in the correct format
# Columns
name: название объекта
_id: уникальный идентификатор
host_name: имя владельца или хоста, который предоставляет жилье
location_cluster: кластеризация местоположений (например, группировка объектов по районам или зонам).
location: описание местоположения объекта
lat, lon: широта и долгота местоположения объекта.
type_house: тип жилья
sum: общая стоимость аренды или сумма за определенный период.
min_days: минимальное количество дней для бронирования объекта.
amt_reviews: количество отзывов, оставленных для данного объекта.
last_dt: дата последнего отзыва или последнего бронирования.
avg_reviews: средний рейтинг или среднее количество отзывов за определенный период.
total_host: общее количество объектов, принадлежащих одному хосту
target: целевая переменная

# Overview
Соревнование в рамках курса от МТС. Задача: предсказание дней занятости (или простоя) аренды недвижимости.

# Description
Соревнование по задаче регрессии

# Evaluation
Оценка по метрике MSE

    History:
    It's your first try

    IMPORTANT:
    - All your operations should work with files in the session directory
    - You can modify train.csv and test.csv directly
    - The files will be automatically saved after each operation
    - Use the session directory for all file operations
    - The data worker will execute code in the session directory

    Rate your confidence (0-1) that the data is ready for model training.
    If rate > 0.9, we proceed to model training.

    Give response in json with fields:
    - data_planner_request: str with commands for data_worker
    - satisfy_rate: float
    
2026-03-28 21:38:59,735 - INFO - AnalyticRESPONSE: ```json
{
  "data_planner_request": "Please check the following:\n1. Verify that all columns have consistent data types.\n2. Check for missing values in both train.csv and test.csv.\n3. Ensure that the 'target' column in train.csv is correctly labeled and contains valid numerical values.\n4. Normalize or standardize numerical features if necessary.\n5. Encode categorical variables appropriately (e.g., one-hot encoding).\n6. Split the training data into training and validation sets for model evaluation.",
  "satisfy_rate": 0.8
}
```
2026-03-28 21:38:59,736 - INFO - [Wrapper] Running coder with task:

    Work with files in the session directory: sessions/session_20260328_213856

    Available files: ['train.csv', 'test.csv']

    Task: Please check the following:
1. Verify that all columns have consistent data types.
2. Check for missing values in both train.csv and test.csv.
3. Ensure that the 'target' column in train.csv is correctly labeled and contains valid numerical values.
4. Normalize or standardize numerical features if necessary.
5. Encode categorical variables appropriately (e.g., one-hot encoding).
6. Split the training data into training and validation sets for model evaluation.

    Instructions:
    1. Load data from the session directory files (train.csv, test.csv)
    2. Perform required transformations
    3. Save the processed data back to the same files (overwrite)
    4. You can create additional files if needed (they will be saved in the session directory)

    Important:
    - All file operations should use paths relative to the session directory
    - The session directory is: sessions/session_20260328_213856
    - You can use: pd.read_csv('train.csv') - it will work from the session directory
    - After processing, save back using: df.to_csv('train.csv', index=False)

    The system will automatically use the updated files for the next steps.
    
2026-03-28 21:39:18,408 - INFO - Coder Request: 
    Write Python code for the following task:

    Work with files in the session directory: sessions/session_20260328_213856

    Available files: ['train.csv', 'test.csv']

    Task: Please check the following:
1. Verify that all columns have consistent data types.
2. Check for missing values in both train.csv and test.csv.
3. Ensure that the 'target' column in train.csv is correctly labeled and contains valid numerical values.
4. Normalize or standardize numerical features if necessary.
5. Encode categorical variables appropriately (e.g., one-hot encoding).
6. Split the training data into training and validation sets for model evaluation.

    Instructions:
    1. Load data from the session directory files (train.csv, test.csv)
    2. Perform required transformations
    3. Save the processed data back to the same files (overwrite)
    4. You can create additional files if needed (they will be saved in the session directory)

    Important:
    - All file operations should use paths relative to the session directory
    - The session directory is: sessions/session_20260328_213856
    - You can use: pd.read_csv('train.csv') - it will work from the session directory
    - After processing, save back using: df.to_csv('train.csv', index=False)

    The system will automatically use the updated files for the next steps.
    
Important: When generating code, ensure:
    - Use proper spacing: "import pandas as pd" not "import pandasaspd"
    - Add spaces after commas: "func(arg1, arg2)" not "func(arg1,arg2)"
    - Put each statement on a new line
    - Use proper indentation (4 spaces per level)
    - Ensure the code runs without errors and outputs meaningful results.
    - If using sklearn, use sparse_output=False instead of sparse=False for OneHotEncoder (newer sklearn versions)
    - Use .ravel() when assigning imputed values to avoid dimension issues
    - Don't use matplotlib or seaborn for visualizations
    
    1. Memory efficiency is KEY - work with large datasets (36k rows, 15 columns)
    2. DO NOT create explosion of features - avoid OneHotEncoder on high-cardinality columns
    3. For columns with > 50 unique values, use:
       - Label Encoding, or
       - Frequency encoding, or
       - Keep as-is (if meaningful for model like text)
    4. Always print shapes and memory usage after operations
    5. Handle missing values simply:
       - Numerical: fill with median/mean
       - Categorical: fill with "Unknown" or mode
    6. For datetime: extract useful features (year, month, day, dayofweek)
    7. Use StandardScaler for numerical features
    8. Save processed files with .to_csv(index=False)
    9. Print progress messages
    10. **TEST DATA DOES NOT HAVE 'target' COLUMN** - This is the most important rule!
       - Always exclude 'target' from numerical_cols when processing test data
       - Use: numerical_cols_train = [c for c in numerical_cols if c != 'target']
       - For test: use the same columns as train WITHOUT 'target'
    REMEMBER - in test.csv not 'target'
    Output only the code, no explanations.
    
2026-03-28 21:39:18,408 - INFO - Coder Response: import pandas as pd
from sklearn.model_selection import train_test_split
from sklearn.preprocessing import StandardScaler, OneHotEncoder, LabelEncoder
from sklearn.impute import SimpleImputer
from sklearn.compose import ColumnTransformer
from sklearn.pipeline import Pipeline

# Load data
train_df = pd.read_csv('train.csv')
test_df = pd.read_csv('test.csv')

# Print initial shapes and memory usage
print("Initial train shape:", train_df.shape)
print("Initial test shape:", test_df.shape)
print("Train memory usage:\n", train_df.memory_usage(deep=True))
print("Test memory usage:\n", test_df.memory_usage(deep=True))

# Verify consistent data types
train_dtypes = train_df.dtypes
test_dtypes = test_df.dtypes

if not train_dtypes.equals(test_dtypes):
    raise ValueError("Data types are inconsistent between train and test datasets.")

# Check for missing values
print("\nMissing values in train:\n", train_df.isnull().sum())
print("\nMissing values in test:\n", test_df.isnull().sum())

# Ensure 'target' column is correctly labeled and contains valid numerical values
if not pd.api.types.is_numeric_dtype(train_df['target']):
    raise ValueError("'target' column must contain numerical values.")

# Identify numerical and categorical columns
numerical_cols = train_df.select_dtypes(include=['int64', 'float64']).columns.tolist()
categorical_cols = train_df.select_dtypes(include=['object', 'category']).columns.tolist()

# Handle missing values
numerical_imputer = SimpleImputer(strategy='median')
categorical_imputer = SimpleImputer(strategy='most_frequent')

# Encode categorical variables
label_encoders = {}
for col in categorical_cols:
    le = LabelEncoder()
    train_df[col] = le.fit_transform(train_df[col])
    test_df[col] = le.transform(test_df[col])
    label_encoders[col] = le

# Normalize numerical features
scaler = StandardScaler()

# Create preprocessing pipeline for train data
preprocessor_train = ColumnTransformer(
    transformers=[
        ('num', scaler, numerical_cols),
        ('cat', 'passthrough', categorical_cols)
    ])

# Create preprocessing pipeline for test data (excluding 'target')
numerical_cols_test = [c for c in numerical_cols if c != 'target']
preprocessor_test = ColumnTransformer(
    transformers=[
        ('num', scaler, numerical_cols_test),
        ('cat', 'passthrough', categorical_cols)
    ])

# Fit and transform train data
train_df_processed = preprocessor_train.fit_transform(train_df.drop(columns=['target']), train_df['target'])
train_df_processed = pd.DataFrame(train_df_processed, columns=numerical_cols + categorical_cols)

# Transform test data
test_df_processed = preprocessor_test.transform(test_df)
test_df_processed = pd.DataFrame(test_df_processed, columns=numerical_cols_test + categorical_cols)

# Split the training data into training and validation sets
X_train, X_val, y_train, y_val = train_test_split(train_df.drop(columns=['target']), train_df['target'], test_size=0.2, random_state=42)

# Print shapes and memory usage after processing
print("\nProcessed train shape:", train_df_processed.shape)
print("Processed test shape:", test_df_processed.shape)
print("Processed train memory usage:\n", train_df_processed.memory_usage(deep=True))
print("Processed test memory usage:\n", test_df_processed.memory_usage(deep=True))

# Save processed data back to the same files
train_df.to_csv('train.csv', index=False)
test_df.to_csv('test.csv', index=False)

# Print progress messages
print("\nData processing complete. Files saved.")
2026-03-28 21:39:19,201 - INFO - Code executed unsuccessfully: Traceback (most recent call last):
  File "/tmp/tmpfn1p_i1o.py", line 44, in <module>
    raise ValueError("Data types are inconsistent between train and test datasets.")
ValueError: Data types are inconsistent between train and test datasets.
2026-03-28 21:39:37,723 - INFO - Coder Request: The following code had an error:
import pandas as pd
from sklearn.model_selection import train_test_split
from sklearn.preprocessing import StandardScaler, OneHotEncoder, LabelEncoder
from sklearn.impute import SimpleImputer
from sklearn.compose import ColumnTransformer
from sklearn.pipeline import Pipeline

# Load data
train_df = pd.read_csv('train.csv')
test_df = pd.read_csv('test.csv')

# Print initial shapes and memory usage
print("Initial train shape:", train_df.shape)
print("Initial test shape:", test_df.shape)
print("Train memory usage:\n", train_df.memory_usage(deep=True))
print("Test memory usage:\n", test_df.memory_usage(deep=True))

# Verify consistent data types
train_dtypes = train_df.dtypes
test_dtypes = test_df.dtypes

if not train_dtypes.equals(test_dtypes):
    raise ValueError("Data types are inconsistent between train and test datasets.")

# Check for missing values
print("\nMissing values in train:\n", train_df.isnull().sum())
print("\nMissing values in test:\n", test_df.isnull().sum())

# Ensure 'target' column is correctly labeled and contains valid numerical values
if not pd.api.types.is_numeric_dtype(train_df['target']):
    raise ValueError("'target' column must contain numerical values.")

# Identify numerical and categorical columns
numerical_cols = train_df.select_dtypes(include=['int64', 'float64']).columns.tolist()
categorical_cols = train_df.select_dtypes(include=['object', 'category']).columns.tolist()

# Handle missing values
numerical_imputer = SimpleImputer(strategy='median')
categorical_imputer = SimpleImputer(strategy='most_frequent')

# Encode categorical variables
label_encoders = {}
for col in categorical_cols:
    le = LabelEncoder()
    train_df[col] = le.fit_transform(train_df[col])
    test_df[col] = le.transform(test_df[col])
    label_encoders[col] = le

# Normalize numerical features
scaler = StandardScaler()

# Create preprocessing pipeline for train data
preprocessor_train = ColumnTransformer(
    transformers=[
        ('num', scaler, numerical_cols),
        ('cat', 'passthrough', categorical_cols)
    ])

# Create preprocessing pipeline for test data (excluding 'target')
numerical_cols_test = [c for c in numerical_cols if c != 'target']
preprocessor_test = ColumnTransformer(
    transformers=[
        ('num', scaler, numerical_cols_test),
        ('cat', 'passthrough', categorical_cols)
    ])

# Fit and transform train data
train_df_processed = preprocessor_train.fit_transform(train_df.drop(columns=['target']), train_df['target'])
train_df_processed = pd.DataFrame(train_df_processed, columns=numerical_cols + categorical_cols)

# Transform test data
test_df_processed = preprocessor_test.transform(test_df)
test_df_processed = pd.DataFrame(test_df_processed, columns=numerical_cols_test + categorical_cols)

# Split the training data into training and validation sets
X_train, X_val, y_train, y_val = train_test_split(train_df.drop(columns=['target']), train_df['target'], test_size=0.2, random_state=42)

# Print shapes and memory usage after processing
print("\nProcessed train shape:", train_df_processed.shape)
print("Processed test shape:", test_df_processed.shape)
print("Processed train memory usage:\n", train_df_processed.memory_usage(deep=True))
print("Processed test memory usage:\n", test_df_processed.memory_usage(deep=True))

# Save processed data back to the same files
train_df.to_csv('train.csv', index=False)
test_df.to_csv('test.csv', index=False)

# Print progress messages
print("\nData processing complete. Files saved.")
Error: Traceback (most recent call last):
  File "/tmp/tmpfn1p_i1o.py", line 44, in <module>
    raise ValueError("Data types are inconsistent between train and test datasets.")
ValueError: Data types are inconsistent between train and test datasets.
Please provide correct code. Output only the code, no explanations.

2026-03-28 21:39:37,723 - INFO - Coder Response: import pandas as pd
from sklearn.model_selection import train_test_split
from sklearn.preprocessing import StandardScaler, OneHotEncoder, LabelEncoder
from sklearn.impute import SimpleImputer
from sklearn.compose import ColumnTransformer
from sklearn.pipeline import Pipeline

# Load data
train_df = pd.read_csv('train.csv')
test_df = pd.read_csv('test.csv')

# Print initial shapes and memory usage
print("Initial train shape:", train_df.shape)
print("Initial test shape:", test_df.shape)
print("Train memory usage:\n", train_df.memory_usage(deep=True))
print("Test memory usage:\n", test_df.memory_usage(deep=True))

# Verify consistent data types
train_dtypes = train_df.dtypes
test_dtypes = test_df.dtypes

if not train_dtypes.equals(test_dtypes):
    raise ValueError("Data types are inconsistent between train and test datasets.")

# Check for missing values
print("\nMissing values in train:\n", train_df.isnull().sum())
print("\nMissing values in test:\n", test_df.isnull().sum())

# Ensure 'target' column is correctly labeled and contains valid numerical values
if not pd.api.types.is_numeric_dtype(train_df['target']):
    raise ValueError("'target' column must contain numerical values.")

# Identify numerical and categorical columns
numerical_cols = train_df.select_dtypes(include=['int64', 'float64']).columns.tolist()
categorical_cols = train_df.select_dtypes(include=['object', 'category']).columns.tolist()

# Handle missing values
numerical_imputer = SimpleImputer(strategy='median')
categorical_imputer = SimpleImputer(strategy='most_frequent')

# Encode categorical variables
label_encoders = {}
for col in categorical_cols:
    le = LabelEncoder()
    train_df[col] = le.fit_transform(train_df[col])
    test_df[col] = le.transform(test_df[col])
    label_encoders[col] = le

# Normalize numerical features
scaler = StandardScaler()

# Create preprocessing pipeline for train data
preprocessor_train = ColumnTransformer(
    transformers=[
        ('num', scaler, numerical_cols),
        ('cat', 'passthrough', categorical_cols)
    ])

# Create preprocessing pipeline for test data (excluding 'target')
numerical_cols_test = [c for c in numerical_cols if c != 'target']
preprocessor_test = ColumnTransformer(
    transformers=[
        ('num', scaler, numerical_cols_test),
        ('cat', 'passthrough', categorical_cols)
    ])

# Fit and transform train data
train_df_processed = preprocessor_train.fit_transform(train_df.drop(columns=['target']), train_df['target'])
train_df_processed = pd.DataFrame(train_df_processed, columns=numerical_cols + categorical_cols)

# Transform test data
test_df_processed = preprocessor_test.transform(test_df)
test_df_processed = pd.DataFrame(test_df_processed, columns=numerical_cols_test + categorical_cols)

# Split the training data into training and validation sets
X_train, X_val, y_train, y_val = train_test_split(train_df.drop(columns=['target']), train_df['target'], test_size=0.2, random_state=42)

# Print shapes and memory usage after processing
print("\nProcessed train shape:", train_df_processed.shape)
print("Processed test shape:", test_df_processed.shape)
print("Processed train memory usage:\n", train_df_processed.memory_usage(deep=True))
print("Processed test memory usage:\n", test_df_processed.memory_usage(deep=True))

# Save processed data back to the same files
train_df.to_csv('train.csv', index=False)
test_df.to_csv('test.csv', index=False)

# Print progress messages
print("\nData processing complete. Files saved.")
2026-03-28 21:39:38,481 - INFO - Code executed unsuccessfully: Traceback (most recent call last):
  File "/tmp/tmp1n5zjncz.py", line 44, in <module>
    raise ValueError("Data types are inconsistent between train and test datasets.")
ValueError: Data types are inconsistent between train and test datasets.
2026-03-28 21:39:56,839 - INFO - Coder Request: The following code had an error:
import pandas as pd
from sklearn.model_selection import train_test_split
from sklearn.preprocessing import StandardScaler, OneHotEncoder, LabelEncoder
from sklearn.impute import SimpleImputer
from sklearn.compose import ColumnTransformer
from sklearn.pipeline import Pipeline

# Load data
train_df = pd.read_csv('train.csv')
test_df = pd.read_csv('test.csv')

# Print initial shapes and memory usage
print("Initial train shape:", train_df.shape)
print("Initial test shape:", test_df.shape)
print("Train memory usage:\n", train_df.memory_usage(deep=True))
print("Test memory usage:\n", test_df.memory_usage(deep=True))

# Verify consistent data types
train_dtypes = train_df.dtypes
test_dtypes = test_df.dtypes

if not train_dtypes.equals(test_dtypes):
    raise ValueError("Data types are inconsistent between train and test datasets.")

# Check for missing values
print("\nMissing values in train:\n", train_df.isnull().sum())
print("\nMissing values in test:\n", test_df.isnull().sum())

# Ensure 'target' column is correctly labeled and contains valid numerical values
if not pd.api.types.is_numeric_dtype(train_df['target']):
    raise ValueError("'target' column must contain numerical values.")

# Identify numerical and categorical columns
numerical_cols = train_df.select_dtypes(include=['int64', 'float64']).columns.tolist()
categorical_cols = train_df.select_dtypes(include=['object', 'category']).columns.tolist()

# Handle missing values
numerical_imputer = SimpleImputer(strategy='median')
categorical_imputer = SimpleImputer(strategy='most_frequent')

# Encode categorical variables
label_encoders = {}
for col in categorical_cols:
    le = LabelEncoder()
    train_df[col] = le.fit_transform(train_df[col])
    test_df[col] = le.transform(test_df[col])
    label_encoders[col] = le

# Normalize numerical features
scaler = StandardScaler()

# Create preprocessing pipeline for train data
preprocessor_train = ColumnTransformer(
    transformers=[
        ('num', scaler, numerical_cols),
        ('cat', 'passthrough', categorical_cols)
    ])

# Create preprocessing pipeline for test data (excluding 'target')
numerical_cols_test = [c for c in numerical_cols if c != 'target']
preprocessor_test = ColumnTransformer(
    transformers=[
        ('num', scaler, numerical_cols_test),
        ('cat', 'passthrough', categorical_cols)
    ])

# Fit and transform train data
train_df_processed = preprocessor_train.fit_transform(train_df.drop(columns=['target']), train_df['target'])
train_df_processed = pd.DataFrame(train_df_processed, columns=numerical_cols + categorical_cols)

# Transform test data
test_df_processed = preprocessor_test.transform(test_df)
test_df_processed = pd.DataFrame(test_df_processed, columns=numerical_cols_test + categorical_cols)

# Split the training data into training and validation sets
X_train, X_val, y_train, y_val = train_test_split(train_df.drop(columns=['target']), train_df['target'], test_size=0.2, random_state=42)

# Print shapes and memory usage after processing
print("\nProcessed train shape:", train_df_processed.shape)
print("Processed test shape:", test_df_processed.shape)
print("Processed train memory usage:\n", train_df_processed.memory_usage(deep=True))
print("Processed test memory usage:\n", test_df_processed.memory_usage(deep=True))

# Save processed data back to the same files
train_df.to_csv('train.csv', index=False)
test_df.to_csv('test.csv', index=False)

# Print progress messages
print("\nData processing complete. Files saved.")
Error: Traceback (most recent call last):
  File "/tmp/tmp1n5zjncz.py", line 44, in <module>
    raise ValueError("Data types are inconsistent between train and test datasets.")
ValueError: Data types are inconsistent between train and test datasets.
Please provide correct code. Output only the code, no explanations.

2026-03-28 21:39:56,839 - INFO - Coder Response: import pandas as pd
from sklearn.model_selection import train_test_split
from sklearn.preprocessing import StandardScaler, OneHotEncoder, LabelEncoder
from sklearn.impute import SimpleImputer
from sklearn.compose import ColumnTransformer
from sklearn.pipeline import Pipeline

# Load data
train_df = pd.read_csv('train.csv')
test_df = pd.read_csv('test.csv')

# Print initial shapes and memory usage
print("Initial train shape:", train_df.shape)
print("Initial test shape:", test_df.shape)
print("Train memory usage:\n", train_df.memory_usage(deep=True))
print("Test memory usage:\n", test_df.memory_usage(deep=True))

# Verify consistent data types
train_dtypes = train_df.dtypes
test_dtypes = test_df.dtypes

if not train_dtypes.equals(test_dtypes):
    raise ValueError("Data types are inconsistent between train and test datasets.")

# Check for missing values
print("\nMissing values in train:\n", train_df.isnull().sum())
print("\nMissing values in test:\n", test_df.isnull().sum())

# Ensure 'target' column is correctly labeled and contains valid numerical values
if not pd.api.types.is_numeric_dtype(train_df['target']):
    raise ValueError("'target' column must contain numerical values.")

# Identify numerical and categorical columns
numerical_cols = train_df.select_dtypes(include=['int64', 'float64']).columns.tolist()
categorical_cols = train_df.select_dtypes(include=['object', 'category']).columns.tolist()

# Handle missing values
numerical_imputer = SimpleImputer(strategy='median')
categorical_imputer = SimpleImputer(strategy='most_frequent')

# Encode categorical variables
label_encoders = {}
for col in categorical_cols:
    le = LabelEncoder()
    train_df[col] = le.fit_transform(train_df[col])
    test_df[col] = le.transform(test_df[col])
    label_encoders[col] = le

# Normalize numerical features
scaler = StandardScaler()

# Create preprocessing pipeline for train data
preprocessor_train = ColumnTransformer(
    transformers=[
        ('num', scaler, numerical_cols),
        ('cat', 'passthrough', categorical_cols)
    ])

# Create preprocessing pipeline for test data (excluding 'target')
numerical_cols_test = [c for c in numerical_cols if c != 'target']
preprocessor_test = ColumnTransformer(
    transformers=[
        ('num', scaler, numerical_cols_test),
        ('cat', 'passthrough', categorical_cols)
    ])

# Fit and transform train data
train_df_processed = preprocessor_train.fit_transform(train_df.drop(columns=['target']), train_df['target'])
train_df_processed = pd.DataFrame(train_df_processed, columns=numerical_cols + categorical_cols)

# Transform test data
test_df_processed = preprocessor_test.transform(test_df)
test_df_processed = pd.DataFrame(test_df_processed, columns=numerical_cols_test + categorical_cols)

# Split the training data into training and validation sets
X_train, X_val, y_train, y_val = train_test_split(train_df.drop(columns=['target']), train_df['target'], test_size=0.2, random_state=42)

# Print shapes and memory usage after processing
print("\nProcessed train shape:", train_df_processed.shape)
print("Processed test shape:", test_df_processed.shape)
print("Processed train memory usage:\n", train_df_processed.memory_usage(deep=True))
print("Processed test memory usage:\n", test_df_processed.memory_usage(deep=True))

# Save processed data back to the same files
train_df.to_csv('train.csv', index=False)
test_df.to_csv('test.csv', index=False)

# Print progress messages
print("\nData processing complete. Files saved.")
2026-03-28 21:39:57,631 - INFO - Code executed unsuccessfully: Traceback (most recent call last):
  File "/tmp/tmp_q8dicss.py", line 44, in <module>
    raise ValueError("Data types are inconsistent between train and test datasets.")
ValueError: Data types are inconsistent between train and test datasets.
2026-03-28 21:39:57,631 - INFO - [Wrapper] Coder finished.
2026-03-28 21:39:57,631 - INFO - [Wrapper] Response: Error: Traceback (most recent call last):
  File "/tmp/tmp_q8dicss.py", line 44, in <module>
    raise ValueError("Data types are inconsistent between train and test datasets.")
ValueError: Data types are inconsistent between train and test datasets....
2026-03-28 21:39:59,316 - INFO - AnalyticREQUEST: 
    You are a professional data analyst working with files in the session directory.

    Current session directory: sessions/session_20260328_213856
    Files available: ['train.csv', 'test.csv']

    Current dataset state:
    Train data: 36671 rows, 15 columns
    Test data: 12224 rows, 14 columns

    Dataset description from author: 
    Dataset Description
# Files
train.csv - the training set
test.csv - the test set
sample_submission.csv - a sample submission file in the correct format
# Columns
name: название объекта
_id: уникальный идентификатор
host_name: имя владельца или хоста, который предоставляет жилье
location_cluster: кластеризация местоположений (например, группировка объектов по районам или зонам).
location: описание местоположения объекта
lat, lon: широта и долгота местоположения объекта.
type_house: тип жилья
sum: общая стоимость аренды или сумма за определенный период.
min_days: минимальное количество дней для бронирования объекта.
amt_reviews: количество отзывов, оставленных для данного объекта.
last_dt: дата последнего отзыва или последнего бронирования.
avg_reviews: средний рейтинг или среднее количество отзывов за определенный период.
total_host: общее количество объектов, принадлежащих одному хосту
target: целевая переменная

# Overview
Соревнование в рамках курса от МТС. Задача: предсказание дней занятости (или простоя) аренды недвижимости.

# Description
Соревнование по задаче регрессии

# Evaluation
Оценка по метрике MSE

    Previous attempts:
    DataAnalytic Request: Perform EDA and prepare data for modeling
DataWorker Response: Error: Traceback (most recent call last):
  File "/tmp/tmp_q8dicss.py", line 44, in <module>
    raise ValueError("Data types are inconsistent between train and test datasets.")
ValueError: Data types are inconsistent between train and test datasets.


    Task: Perform EDA and prepare data for modeling

    IMPORTANT:
    - All your operations should work with files in the session directory
    - You can modify train.csv and test.csv directly
    - The files will be automatically saved after each operation

    Rate your confidence (0-1) that the data is ready for model training.
    If rate > 0.9, we proceed to model training.

    Give response in json with fields:
    - data_planner_request: str with commands for data_worker
    - satisfy_rate: float
    
2026-03-28 21:39:59,316 - INFO - AnalyticRESPONSE: ```json
{
  "data_planner_request": "Check the data types of all columns in both train.csv and test.csv. Identify any discrepancies and ensure consistency between the two datasets.",
  "satisfy_rate": 0.8
}
```
2026-03-28 21:39:59,316 - INFO - Parsed satisfy_rate: 0.8, done: False
2026-03-28 21:39:59,316 - INFO - [Wrapper] Running coder with task:

    Work with files in the session directory: sessions/session_20260328_213856

    Available files: ['train.csv', 'test.csv']

    Task: Check the data types of all columns in both train.csv and test.csv. Identify any discrepancies and ensure consistency between the two datasets.

    Instructions:
    1. Load data from the session directory files (train.csv, test.csv)
    2. Perform required transformations
    3. Save the processed data back to the same files (overwrite)
    4. You can create additional files if needed (they will be saved in the session directory)

    Important:
    - All file operations should use paths relative to the session directory
    - The session directory is: sessions/session_20260328_213856
    - You can use: pd.read_csv('train.csv') - it will work from the session directory
    - After processing, save back using: df.to_csv('train.csv', index=False)

    The system will automatically use the updated files for the next steps.
    
2026-03-28 21:40:11,471 - INFO - Coder Request: 
    Write Python code for the following task:

    Work with files in the session directory: sessions/session_20260328_213856

    Available files: ['train.csv', 'test.csv']

    Task: Check the data types of all columns in both train.csv and test.csv. Identify any discrepancies and ensure consistency between the two datasets.

    Instructions:
    1. Load data from the session directory files (train.csv, test.csv)
    2. Perform required transformations
    3. Save the processed data back to the same files (overwrite)
    4. You can create additional files if needed (they will be saved in the session directory)

    Important:
    - All file operations should use paths relative to the session directory
    - The session directory is: sessions/session_20260328_213856
    - You can use: pd.read_csv('train.csv') - it will work from the session directory
    - After processing, save back using: df.to_csv('train.csv', index=False)

    The system will automatically use the updated files for the next steps.
    
Important: When generating code, ensure:
    - Use proper spacing: "import pandas as pd" not "import pandasaspd"
    - Add spaces after commas: "func(arg1, arg2)" not "func(arg1,arg2)"
    - Put each statement on a new line
    - Use proper indentation (4 spaces per level)
    - Ensure the code runs without errors and outputs meaningful results.
    - If using sklearn, use sparse_output=False instead of sparse=False for OneHotEncoder (newer sklearn versions)
    - Use .ravel() when assigning imputed values to avoid dimension issues
    - Don't use matplotlib or seaborn for visualizations
    
    1. Memory efficiency is KEY - work with large datasets (36k rows, 15 columns)
    2. DO NOT create explosion of features - avoid OneHotEncoder on high-cardinality columns
    3. For columns with > 50 unique values, use:
       - Label Encoding, or
       - Frequency encoding, or
       - Keep as-is (if meaningful for model like text)
    4. Always print shapes and memory usage after operations
    5. Handle missing values simply:
       - Numerical: fill with median/mean
       - Categorical: fill with "Unknown" or mode
    6. For datetime: extract useful features (year, month, day, dayofweek)
    7. Use StandardScaler for numerical features
    8. Save processed files with .to_csv(index=False)
    9. Print progress messages
    10. **TEST DATA DOES NOT HAVE 'target' COLUMN** - This is the most important rule!
       - Always exclude 'target' from numerical_cols when processing test data
       - Use: numerical_cols_train = [c for c in numerical_cols if c != 'target']
       - For test: use the same columns as train WITHOUT 'target'
    REMEMBER - in test.csv not 'target'
    Output only the code, no explanations.
    
2026-03-28 21:40:11,472 - INFO - Coder Response: import pandas as pd

# Load data from session directory
train_df = pd.read_csv('train.csv')
test_df = pd.read_csv('test.csv')

# Check data types of all columns in both datasets
print("Train DataFrame Data Types:")
print(train_df.dtypes)
print("\nTest DataFrame Data Types:")
print(test_df.dtypes)

# Identify discrepancies and ensure consistency between the two datasets

# Handle missing values
numerical_cols_train = [c for c in train_df.columns if train_df[c].dtype != 'object' and c != 'target']
categorical_cols_train = [c for c in train_df.columns if train_df[c].dtype == 'object']

for col in numerical_cols_train:
    median_value = train_df[col].median()
    train_df[col].fillna(median_value, inplace=True)
    test_df[col].fillna(median_value, inplace=True)

for col in categorical_cols_train:
    mode_value = train_df[col].mode()[0]
    train_df[col].fillna(mode_value, inplace=True)
    test_df[col].fillna(mode_value, inplace=True)

# Handle high-cardinality columns
high_cardinality_cols = [col for col in categorical_cols_train if train_df[col].nunique() > 50]

for col in high_cardinality_cols:
    # Using Label Encoding for simplicity
    from sklearn.preprocessing import LabelEncoder
    le = LabelEncoder()
    train_df[col] = le.fit_transform(train_df[col])
    test_df[col] = le.transform(test_df[col])

# Standardize numerical features
from sklearn.preprocessing import StandardScaler

scaler = StandardScaler()
train_df[numerical_cols_train] = scaler.fit_transform(train_df[numerical_cols_train])
test_df[numerical_cols_train] = scaler.transform(test_df[numerical_cols_train])

# Save the processed data back to the same files (overwrite)
train_df.to_csv('train.csv', index=False)
test_df.to_csv('test.csv', index=False)

print("Data processing complete. Files saved.")
2026-03-28 21:40:12,281 - INFO - Code executed unsuccessfully: /tmp/tmp_2guu819.py:42: FutureWarning: A value is trying to be set on a copy of a DataFrame or Series through chained assignment using an inplace method.
The behavior will change in pandas 3.0. This inplace method will never work because the intermediate object on which we are setting values always behaves as a copy.

For example, when doing 'df[col].method(value, inplace=True)', try using 'df.method({col: value}, inplace=True)' or df[col] = df[col].method(value) instead, to perform the operation inplace on the original object.


  train_df[col].fillna(median_value, inplace=True)
/tmp/tmp_2guu819.py:43: FutureWarning: A value is trying to be set on a copy of a DataFrame or Series through chained assignment using an inplace method.
The behavior will change in pandas 3.0. This inplace method will never work because the intermediate object on which we are setting values always behaves as a copy.

For example, when doing 'df[col].method(value, inplace=True)', try using 'df.method({col: value}, inplace=True)' or df[col] = df[col].method(value) instead, to perform the operation inplace on the original object.


  test_df[col].fillna(median_value, inplace=True)
/tmp/tmp_2guu819.py:42: FutureWarning: A value is trying to be set on a copy of a DataFrame or Series through chained assignment using an inplace method.
The behavior will change in pandas 3.0. This inplace method will never work because the intermediate object on which we are setting values always behaves as a copy.

For example, when doing 'df[col].method(value, inplace=True)', try using 'df.method({col: value}, inplace=True)' or df[col] = df[col].method(value) instead, to perform the operation inplace on the original object.


  train_df[col].fillna(median_value, inplace=True)
/tmp/tmp_2guu819.py:43: FutureWarning: A value is trying to be set on a copy of a DataFrame or Series through chained assignment using an inplace method.
The behavior will change in pandas 3.0. This inplace method will never work because the intermediate object on which we are setting values always behaves as a copy.

For example, when doing 'df[col].method(value, inplace=True)', try using 'df.method({col: value}, inplace=True)' or df[col] = df[col].method(value) instead, to perform the operation inplace on the original object.


  test_df[col].fillna(median_value, inplace=True)
/tmp/tmp_2guu819.py:42: FutureWarning: A value is trying to be set on a copy of a DataFrame or Series through chained assignment using an inplace method.
The behavior will change in pandas 3.0. This inplace method will never work because the intermediate object on which we are setting values always behaves as a copy.

For example, when doing 'df[col].method(value, inplace=True)', try using 'df.method({col: value}, inplace=True)' or df[col] = df[col].method(value) instead, to perform the operation inplace on the original object.


  train_df[col].fillna(median_value, inplace=True)
/tmp/tmp_2guu819.py:43: FutureWarning: A value is trying to be set on a copy of a DataFrame or Series through chained assignment using an inplace method.
The behavior will change in pandas 3.0. This inplace method will never work because the intermediate object on which we are setting values always behaves as a copy.

For example, when doing 'df[col].method(value, inplace=True)', try using 'df.method({col: value}, inplace=True)' or df[col] = df[col].method(value) instead, to perform the operation inplace on the original object.


  test_df[col].fillna(median_value, inplace=True)
/tmp/tmp_2guu819.py:42: FutureWarning: A value is trying to be set on a copy of a DataFrame or Series through chained assignment using an inplace method.
The behavior will change in pandas 3.0. This inplace method will never work because the intermediate object on which we are setting values always behaves as a copy.

For example, when doing 'df[col].method(value, inplace=True)', try using 'df.method({col: value}, inplace=True)' or df[col] = df[col].method(value) instead, to perform the operation inplace on the original object.


  train_df[col].fillna(median_value, inplace=True)
/tmp/tmp_2guu819.py:43: FutureWarning: A value is trying to be set on a copy of a DataFrame or Series through chained assignment using an inplace method.
The behavior will change in pandas 3.0. This inplace method will never work because the intermediate object on which we are setting values always behaves as a copy.

For example, when doing 'df[col].method(value, inplace=True)', try using 'df.method({col: value}, inplace=True)' or df[col] = df[col].method(value) instead, to perform the operation inplace on the original object.


  test_df[col].fillna(median_value, inplace=True)
/tmp/tmp_2guu819.py:42: FutureWarning: A value is trying to be set on a copy of a DataFrame or Series through chained assignment using an inplace method.
The behavior will change in pandas 3.0. This inplace method will never work because the intermediate object on which we are setting values always behaves as a copy.

For example, when doing 'df[col].method(value, inplace=True)', try using 'df.method({col: value}, inplace=True)' or df[col] = df[col].method(value) instead, to perform the operation inplace on the original object.


  train_df[col].fillna(median_value, inplace=True)
/tmp/tmp_2guu819.py:43: FutureWarning: A value is trying to be set on a copy of a DataFrame or Series through chained assignment using an inplace method.
The behavior will change in pandas 3.0. This inplace method will never work because the intermediate object on which we are setting values always behaves as a copy.

For example, when doing 'df[col].method(value, inplace=True)', try using 'df.method({col: value}, inplace=True)' or df[col] = df[col].method(value) instead, to perform the operation inplace on the original object.


  test_df[col].fillna(median_value, inplace=True)
/tmp/tmp_2guu819.py:42: FutureWarning: A value is trying to be set on a copy of a DataFrame or Series through chained assignment using an inplace method.
The behavior will change in pandas 3.0. This inplace method will never work because the intermediate object on which we are setting values always behaves as a copy.

For example, when doing 'df[col].method(value, inplace=True)', try using 'df.method({col: value}, inplace=True)' or df[col] = df[col].method(value) instead, to perform the operation inplace on the original object.


  train_df[col].fillna(median_value, inplace=True)
/tmp/tmp_2guu819.py:43: FutureWarning: A value is trying to be set on a copy of a DataFrame or Series through chained assignment using an inplace method.
The behavior will change in pandas 3.0. This inplace method will never work because the intermediate object on which we are setting values always behaves as a copy.

For example, when doing 'df[col].method(value, inplace=True)', try using 'df.method({col: value}, inplace=True)' or df[col] = df[col].method(value) instead, to perform the operation inplace on the original object.


  test_df[col].fillna(median_value, inplace=True)
/tmp/tmp_2guu819.py:42: FutureWarning: A value is trying to be set on a copy of a DataFrame or Series through chained assignment using an inplace method.
The behavior will change in pandas 3.0. This inplace method will never work because the intermediate object on which we are setting values always behaves as a copy.

For example, when doing 'df[col].method(value, inplace=True)', try using 'df.method({col: value}, inplace=True)' or df[col] = df[col].method(value) instead, to perform the operation inplace on the original object.


  train_df[col].fillna(median_value, inplace=True)
/tmp/tmp_2guu819.py:43: FutureWarning: A value is trying to be set on a copy of a DataFrame or Series through chained assignment using an inplace method.
The behavior will change in pandas 3.0. This inplace method will never work because the intermediate object on which we are setting values always behaves as a copy.

For example, when doing 'df[col].method(value, inplace=True)', try using 'df.method({col: value}, inplace=True)' or df[col] = df[col].method(value) instead, to perform the operation inplace on the original object.


  test_df[col].fillna(median_value, inplace=True)
/tmp/tmp_2guu819.py:42: FutureWarning: A value is trying to be set on a copy of a DataFrame or Series through chained assignment using an inplace method.
The behavior will change in pandas 3.0. This inplace method will never work because the intermediate object on which we are setting values always behaves as a copy.

For example, when doing 'df[col].method(value, inplace=True)', try using 'df.method({col: value}, inplace=True)' or df[col] = df[col].method(value) instead, to perform the operation inplace on the original object.


  train_df[col].fillna(median_value, inplace=True)
/tmp/tmp_2guu819.py:43: FutureWarning: A value is trying to be set on a copy of a DataFrame or Series through chained assignment using an inplace method.
The behavior will change in pandas 3.0. This inplace method will never work because the intermediate object on which we are setting values always behaves as a copy.

For example, when doing 'df[col].method(value, inplace=True)', try using 'df.method({col: value}, inplace=True)' or df[col] = df[col].method(value) instead, to perform the operation inplace on the original object.


  test_df[col].fillna(median_value, inplace=True)
/tmp/tmp_2guu819.py:47: FutureWarning: A value is trying to be set on a copy of a DataFrame or Series through chained assignment using an inplace method.
The behavior will change in pandas 3.0. This inplace method will never work because the intermediate object on which we are setting values always behaves as a copy.

For example, when doing 'df[col].method(value, inplace=True)', try using 'df.method({col: value}, inplace=True)' or df[col] = df[col].method(value) instead, to perform the operation inplace on the original object.


  train_df[col].fillna(mode_value, inplace=True)
/tmp/tmp_2guu819.py:48: FutureWarning: A value is trying to be set on a copy of a DataFrame or Series through chained assignment using an inplace method.
The behavior will change in pandas 3.0. This inplace method will never work because the intermediate object on which we are setting values always behaves as a copy.

For example, when doing 'df[col].method(value, inplace=True)', try using 'df.method({col: value}, inplace=True)' or df[col] = df[col].method(value) instead, to perform the operation inplace on the original object.


  test_df[col].fillna(mode_value, inplace=True)
Traceback (most recent call last):
  File "/home/progifrogi/PycharmProjects/Agentic-Modeling-Operational-Engineering-Beta-Application/.venv/lib/python3.11/site-packages/sklearn/utils/_encode.py", line 229, in _encode
    return _map_to_integer(values, uniques)
           ^^^^^^^^^^^^^^^^^^^^^^^^^^^^^^^^
  File "/home/progifrogi/PycharmProjects/Agentic-Modeling-Operational-Engineering-Beta-Application/.venv/lib/python3.11/site-packages/sklearn/utils/_encode.py", line 168, in _map_to_integer
    return xp.asarray([table[v] for v in values], device=device(values))
                      ^^^^^^^^^^^^^^^^^^^^^^^^^^
  File "/home/progifrogi/PycharmProjects/Agentic-Modeling-Operational-Engineering-Beta-Application/.venv/lib/python3.11/site-packages/sklearn/utils/_encode.py", line 168, in <listcomp>
    return xp.asarray([table[v] for v in values], device=device(values))
                       ~~~~~^^^
  File "/home/progifrogi/PycharmProjects/Agentic-Modeling-Operational-Engineering-Beta-Application/.venv/lib/python3.11/site-packages/sklearn/utils/_encode.py", line 161, in __missing__
    raise KeyError(key)
KeyError: 'Amazing 4 Bedrooms 4 Bathrooms sleeps 9'

During handling of the above exception, another exception occurred:

Traceback (most recent call last):
  File "/tmp/tmp_2guu819.py", line 58, in <module>
    test_df[col] = le.transform(test_df[col])
                   ^^^^^^^^^^^^^^^^^^^^^^^^^^
  File "/home/progifrogi/PycharmProjects/Agentic-Modeling-Operational-Engineering-Beta-Application/.venv/lib/python3.11/site-packages/sklearn/preprocessing/_label.py", line 144, in transform
    return _encode(y, uniques=self.classes_)
           ^^^^^^^^^^^^^^^^^^^^^^^^^^^^^^^^^
  File "/home/progifrogi/PycharmProjects/Agentic-Modeling-Operational-Engineering-Beta-Application/.venv/lib/python3.11/site-packages/sklearn/utils/_encode.py", line 231, in _encode
    raise ValueError(f"y contains previously unseen labels: {e}")
ValueError: y contains previously unseen labels: 'Amazing 4 Bedrooms 4 Bathrooms sleeps 9'
2026-03-28 21:40:25,698 - INFO - Coder Request: The following code had an error:
import pandas as pd

# Load data from session directory
train_df = pd.read_csv('train.csv')
test_df = pd.read_csv('test.csv')

# Check data types of all columns in both datasets
print("Train DataFrame Data Types:")
print(train_df.dtypes)
print("\nTest DataFrame Data Types:")
print(test_df.dtypes)

# Identify discrepancies and ensure consistency between the two datasets

# Handle missing values
numerical_cols_train = [c for c in train_df.columns if train_df[c].dtype != 'object' and c != 'target']
categorical_cols_train = [c for c in train_df.columns if train_df[c].dtype == 'object']

for col in numerical_cols_train:
    median_value = train_df[col].median()
    train_df[col].fillna(median_value, inplace=True)
    test_df[col].fillna(median_value, inplace=True)

for col in categorical_cols_train:
    mode_value = train_df[col].mode()[0]
    train_df[col].fillna(mode_value, inplace=True)
    test_df[col].fillna(mode_value, inplace=True)

# Handle high-cardinality columns
high_cardinality_cols = [col for col in categorical_cols_train if train_df[col].nunique() > 50]

for col in high_cardinality_cols:
    # Using Label Encoding for simplicity
    from sklearn.preprocessing import LabelEncoder
    le = LabelEncoder()
    train_df[col] = le.fit_transform(train_df[col])
    test_df[col] = le.transform(test_df[col])

# Standardize numerical features
from sklearn.preprocessing import StandardScaler

scaler = StandardScaler()
train_df[numerical_cols_train] = scaler.fit_transform(train_df[numerical_cols_train])
test_df[numerical_cols_train] = scaler.transform(test_df[numerical_cols_train])

# Save the processed data back to the same files (overwrite)
train_df.to_csv('train.csv', index=False)
test_df.to_csv('test.csv', index=False)

print("Data processing complete. Files saved.")
Error: /tmp/tmp_2guu819.py:42: FutureWarning: A value is trying to be set on a copy of a DataFrame or Series through chained assignment using an inplace method.
The behavior will change in pandas 3.0. This inplace method will never work because the intermediate object on which we are setting values always behaves as a copy.

For example, when doing 'df[col].method(value, inplace=True)', try using 'df.method({col: value}, inplace=True)' or df[col] = df[col].method(value) instead, to perform the operation inplace on the original object.


  train_df[col].fillna(median_value, inplace=True)
/tmp/tmp_2guu819.py:43: FutureWarning: A value is trying to be set on a copy of a DataFrame or Series through chained assignment using an inplace method.
The behavior will change in pandas 3.0. This inplace method will never work because the intermediate object on which we are setting values always behaves as a copy.

For example, when doing 'df[col].method(value, inplace=True)', try using 'df.method({col: value}, inplace=True)' or df[col] = df[col].method(value) instead, to perform the operation inplace on the original object.


  test_df[col].fillna(median_value, inplace=True)
/tmp/tmp_2guu819.py:42: FutureWarning: A value is trying to be set on a copy of a DataFrame or Series through chained assignment using an inplace method.
The behavior will change in pandas 3.0. This inplace method will never work because the intermediate object on which we are setting values always behaves as a copy.

For example, when doing 'df[col].method(value, inplace=True)', try using 'df.method({col: value}, inplace=True)' or df[col] = df[col].method(value) instead, to perform the operation inplace on the original object.


  train_df[col].fillna(median_value, inplace=True)
/tmp/tmp_2guu819.py:43: FutureWarning: A value is trying to be set on a copy of a DataFrame or Series through chained assignment using an inplace method.
The behavior will change in pandas 3.0. This inplace method will never work because the intermediate object on which we are setting values always behaves as a copy.

For example, when doing 'df[col].method(value, inplace=True)', try using 'df.method({col: value}, inplace=True)' or df[col] = df[col].method(value) instead, to perform the operation inplace on the original object.


  test_df[col].fillna(median_value, inplace=True)
/tmp/tmp_2guu819.py:42: FutureWarning: A value is trying to be set on a copy of a DataFrame or Series through chained assignment using an inplace method.
The behavior will change in pandas 3.0. This inplace method will never work because the intermediate object on which we are setting values always behaves as a copy.

For example, when doing 'df[col].method(value, inplace=True)', try using 'df.method({col: value}, inplace=True)' or df[col] = df[col].method(value) instead, to perform the operation inplace on the original object.


  train_df[col].fillna(median_value, inplace=True)
/tmp/tmp_2guu819.py:43: FutureWarning: A value is trying to be set on a copy of a DataFrame or Series through chained assignment using an inplace method.
The behavior will change in pandas 3.0. This inplace method will never work because the intermediate object on which we are setting values always behaves as a copy.

For example, when doing 'df[col].method(value, inplace=True)', try using 'df.method({col: value}, inplace=True)' or df[col] = df[col].method(value) instead, to perform the operation inplace on the original object.


  test_df[col].fillna(median_value, inplace=True)
/tmp/tmp_2guu819.py:42: FutureWarning: A value is trying to be set on a copy of a DataFrame or Series through chained assignment using an inplace method.
The behavior will change in pandas 3.0. This inplace method will never work because the intermediate object on which we are setting values always behaves as a copy.

For example, when doing 'df[col].method(value, inplace=True)', try using 'df.method({col: value}, inplace=True)' or df[col] = df[col].method(value) instead, to perform the operation inplace on the original object.


  train_df[col].fillna(median_value, inplace=True)
/tmp/tmp_2guu819.py:43: FutureWarning: A value is trying to be set on a copy of a DataFrame or Series through chained assignment using an inplace method.
The behavior will change in pandas 3.0. This inplace method will never work because the intermediate object on which we are setting values always behaves as a copy.

For example, when doing 'df[col].method(value, inplace=True)', try using 'df.method({col: value}, inplace=True)' or df[col] = df[col].method(value) instead, to perform the operation inplace on the original object.


  test_df[col].fillna(median_value, inplace=True)
/tmp/tmp_2guu819.py:42: FutureWarning: A value is trying to be set on a copy of a DataFrame or Series through chained assignment using an inplace method.
The behavior will change in pandas 3.0. This inplace method will never work because the intermediate object on which we are setting values always behaves as a copy.

For example, when doing 'df[col].method(value, inplace=True)', try using 'df.method({col: value}, inplace=True)' or df[col] = df[col].method(value) instead, to perform the operation inplace on the original object.


  train_df[col].fillna(median_value, inplace=True)
/tmp/tmp_2guu819.py:43: FutureWarning: A value is trying to be set on a copy of a DataFrame or Series through chained assignment using an inplace method.
The behavior will change in pandas 3.0. This inplace method will never work because the intermediate object on which we are setting values always behaves as a copy.

For example, when doing 'df[col].method(value, inplace=True)', try using 'df.method({col: value}, inplace=True)' or df[col] = df[col].method(value) instead, to perform the operation inplace on the original object.


  test_df[col].fillna(median_value, inplace=True)
/tmp/tmp_2guu819.py:42: FutureWarning: A value is trying to be set on a copy of a DataFrame or Series through chained assignment using an inplace method.
The behavior will change in pandas 3.0. This inplace method will never work because the intermediate object on which we are setting values always behaves as a copy.

For example, when doing 'df[col].method(value, inplace=True)', try using 'df.method({col: value}, inplace=True)' or df[col] = df[col].method(value) instead, to perform the operation inplace on the original object.


  train_df[col].fillna(median_value, inplace=True)
/tmp/tmp_2guu819.py:43: FutureWarning: A value is trying to be set on a copy of a DataFrame or Series through chained assignment using an inplace method.
The behavior will change in pandas 3.0. This inplace method will never work because the intermediate object on which we are setting values always behaves as a copy.

For example, when doing 'df[col].method(value, inplace=True)', try using 'df.method({col: value}, inplace=True)' or df[col] = df[col].method(value) instead, to perform the operation inplace on the original object.


  test_df[col].fillna(median_value, inplace=True)
/tmp/tmp_2guu819.py:42: FutureWarning: A value is trying to be set on a copy of a DataFrame or Series through chained assignment using an inplace method.
The behavior will change in pandas 3.0. This inplace method will never work because the intermediate object on which we are setting values always behaves as a copy.

For example, when doing 'df[col].method(value, inplace=True)', try using 'df.method({col: value}, inplace=True)' or df[col] = df[col].method(value) instead, to perform the operation inplace on the original object.


  train_df[col].fillna(median_value, inplace=True)
/tmp/tmp_2guu819.py:43: FutureWarning: A value is trying to be set on a copy of a DataFrame or Series through chained assignment using an inplace method.
The behavior will change in pandas 3.0. This inplace method will never work because the intermediate object on which we are setting values always behaves as a copy.

For example, when doing 'df[col].method(value, inplace=True)', try using 'df.method({col: value}, inplace=True)' or df[col] = df[col].method(value) instead, to perform the operation inplace on the original object.


  test_df[col].fillna(median_value, inplace=True)
/tmp/tmp_2guu819.py:42: FutureWarning: A value is trying to be set on a copy of a DataFrame or Series through chained assignment using an inplace method.
The behavior will change in pandas 3.0. This inplace method will never work because the intermediate object on which we are setting values always behaves as a copy.

For example, when doing 'df[col].method(value, inplace=True)', try using 'df.method({col: value}, inplace=True)' or df[col] = df[col].method(value) instead, to perform the operation inplace on the original object.


  train_df[col].fillna(median_value, inplace=True)
/tmp/tmp_2guu819.py:43: FutureWarning: A value is trying to be set on a copy of a DataFrame or Series through chained assignment using an inplace method.
The behavior will change in pandas 3.0. This inplace method will never work because the intermediate object on which we are setting values always behaves as a copy.

For example, when doing 'df[col].method(value, inplace=True)', try using 'df.method({col: value}, inplace=True)' or df[col] = df[col].method(value) instead, to perform the operation inplace on the original object.


  test_df[col].fillna(median_value, inplace=True)
/tmp/tmp_2guu819.py:47: FutureWarning: A value is trying to be set on a copy of a DataFrame or Series through chained assignment using an inplace method.
The behavior will change in pandas 3.0. This inplace method will never work because the intermediate object on which we are setting values always behaves as a copy.

For example, when doing 'df[col].method(value, inplace=True)', try using 'df.method({col: value}, inplace=True)' or df[col] = df[col].method(value) instead, to perform the operation inplace on the original object.


  train_df[col].fillna(mode_value, inplace=True)
/tmp/tmp_2guu819.py:48: FutureWarning: A value is trying to be set on a copy of a DataFrame or Series through chained assignment using an inplace method.
The behavior will change in pandas 3.0. This inplace method will never work because the intermediate object on which we are setting values always behaves as a copy.

For example, when doing 'df[col].method(value, inplace=True)', try using 'df.method({col: value}, inplace=True)' or df[col] = df[col].method(value) instead, to perform the operation inplace on the original object.


  test_df[col].fillna(mode_value, inplace=True)
Traceback (most recent call last):
  File "/home/progifrogi/PycharmProjects/Agentic-Modeling-Operational-Engineering-Beta-Application/.venv/lib/python3.11/site-packages/sklearn/utils/_encode.py", line 229, in _encode
    return _map_to_integer(values, uniques)
           ^^^^^^^^^^^^^^^^^^^^^^^^^^^^^^^^
  File "/home/progifrogi/PycharmProjects/Agentic-Modeling-Operational-Engineering-Beta-Application/.venv/lib/python3.11/site-packages/sklearn/utils/_encode.py", line 168, in _map_to_integer
    return xp.asarray([table[v] for v in values], device=device(values))
                      ^^^^^^^^^^^^^^^^^^^^^^^^^^
  File "/home/progifrogi/PycharmProjects/Agentic-Modeling-Operational-Engineering-Beta-Application/.venv/lib/python3.11/site-packages/sklearn/utils/_encode.py", line 168, in <listcomp>
    return xp.asarray([table[v] for v in values], device=device(values))
                       ~~~~~^^^
  File "/home/progifrogi/PycharmProjects/Agentic-Modeling-Operational-Engineering-Beta-Application/.venv/lib/python3.11/site-packages/sklearn/utils/_encode.py", line 161, in __missing__
    raise KeyError(key)
KeyError: 'Amazing 4 Bedrooms 4 Bathrooms sleeps 9'

During handling of the above exception, another exception occurred:

Traceback (most recent call last):
  File "/tmp/tmp_2guu819.py", line 58, in <module>
    test_df[col] = le.transform(test_df[col])
                   ^^^^^^^^^^^^^^^^^^^^^^^^^^
  File "/home/progifrogi/PycharmProjects/Agentic-Modeling-Operational-Engineering-Beta-Application/.venv/lib/python3.11/site-packages/sklearn/preprocessing/_label.py", line 144, in transform
    return _encode(y, uniques=self.classes_)
           ^^^^^^^^^^^^^^^^^^^^^^^^^^^^^^^^^
  File "/home/progifrogi/PycharmProjects/Agentic-Modeling-Operational-Engineering-Beta-Application/.venv/lib/python3.11/site-packages/sklearn/utils/_encode.py", line 231, in _encode
    raise ValueError(f"y contains previously unseen labels: {e}")
ValueError: y contains previously unseen labels: 'Amazing 4 Bedrooms 4 Bathrooms sleeps 9'
Please provide correct code. Output only the code, no explanations.

2026-03-28 21:40:25,698 - INFO - Coder Response: import pandas as pd
from sklearn.preprocessing import LabelEncoder, StandardScaler

# Load data from session directory
train_df = pd.read_csv('train.csv')
test_df = pd.read_csv('test.csv')

# Check data types of all columns in both datasets
print("Train DataFrame Data Types:")
print(train_df.dtypes)
print("\nTest DataFrame Data Types:")
print(test_df.dtypes)

# Identify discrepancies and ensure consistency between the two datasets

# Handle missing values
numerical_cols_train = [c for c in train_df.columns if train_df[c].dtype != 'object' and c != 'target']
categorical_cols_train = [c for c in train_df.columns if train_df[c].dtype == 'object']

for col in numerical_cols_train:
    median_value = train_df[col].median()
    train_df[col] = train_df[col].fillna(median_value)
    test_df[col] = test_df[col].fillna(median_value)

for col in categorical_cols_train:
    mode_value = train_df[col].mode()[0]
    train_df[col] = train_df[col].fillna(mode_value)
    test_df[col] = test_df[col].fillna(mode_value)

# Handle high-cardinality columns
high_cardinality_cols = [col for col in categorical_cols_train if train_df[col].nunique() > 50]

for col in high_cardinality_cols:
    # Using Label Encoding for simplicity
    le = LabelEncoder()
    train_df[col] = le.fit_transform(train_df[col])
    test_df[col] = le.transform(test_df[col])

# Standardize numerical features
scaler = StandardScaler()
train_df[numerical_cols_train] = scaler.fit_transform(train_df[numerical_cols_train])
test_df[numerical_cols_train] = scaler.transform(test_df[numerical_cols_train])

# Save the processed data back to the same files (overwrite)
train_df.to_csv('train.csv', index=False)
test_df.to_csv('test.csv', index=False)

print("Data processing complete. Files saved.")
2026-03-28 21:40:26,480 - INFO - Code executed unsuccessfully: Traceback (most recent call last):
  File "/home/progifrogi/PycharmProjects/Agentic-Modeling-Operational-Engineering-Beta-Application/.venv/lib/python3.11/site-packages/sklearn/utils/_encode.py", line 229, in _encode
    return _map_to_integer(values, uniques)
           ^^^^^^^^^^^^^^^^^^^^^^^^^^^^^^^^
  File "/home/progifrogi/PycharmProjects/Agentic-Modeling-Operational-Engineering-Beta-Application/.venv/lib/python3.11/site-packages/sklearn/utils/_encode.py", line 168, in _map_to_integer
    return xp.asarray([table[v] for v in values], device=device(values))
                      ^^^^^^^^^^^^^^^^^^^^^^^^^^
  File "/home/progifrogi/PycharmProjects/Agentic-Modeling-Operational-Engineering-Beta-Application/.venv/lib/python3.11/site-packages/sklearn/utils/_encode.py", line 168, in <listcomp>
    return xp.asarray([table[v] for v in values], device=device(values))
                       ~~~~~^^^
  File "/home/progifrogi/PycharmProjects/Agentic-Modeling-Operational-Engineering-Beta-Application/.venv/lib/python3.11/site-packages/sklearn/utils/_encode.py", line 161, in __missing__
    raise KeyError(key)
KeyError: 'Amazing 4 Bedrooms 4 Bathrooms sleeps 9'

During handling of the above exception, another exception occurred:

Traceback (most recent call last):
  File "/tmp/tmpefexw6j5.py", line 58, in <module>
    test_df[col] = le.transform(test_df[col])
                   ^^^^^^^^^^^^^^^^^^^^^^^^^^
  File "/home/progifrogi/PycharmProjects/Agentic-Modeling-Operational-Engineering-Beta-Application/.venv/lib/python3.11/site-packages/sklearn/preprocessing/_label.py", line 144, in transform
    return _encode(y, uniques=self.classes_)
           ^^^^^^^^^^^^^^^^^^^^^^^^^^^^^^^^^
  File "/home/progifrogi/PycharmProjects/Agentic-Modeling-Operational-Engineering-Beta-Application/.venv/lib/python3.11/site-packages/sklearn/utils/_encode.py", line 231, in _encode
    raise ValueError(f"y contains previously unseen labels: {e}")
ValueError: y contains previously unseen labels: 'Amazing 4 Bedrooms 4 Bathrooms sleeps 9'
2026-03-28 21:40:39,426 - INFO - Coder Request: The following code had an error:
import pandas as pd
from sklearn.preprocessing import LabelEncoder, StandardScaler

# Load data from session directory
train_df = pd.read_csv('train.csv')
test_df = pd.read_csv('test.csv')

# Check data types of all columns in both datasets
print("Train DataFrame Data Types:")
print(train_df.dtypes)
print("\nTest DataFrame Data Types:")
print(test_df.dtypes)

# Identify discrepancies and ensure consistency between the two datasets

# Handle missing values
numerical_cols_train = [c for c in train_df.columns if train_df[c].dtype != 'object' and c != 'target']
categorical_cols_train = [c for c in train_df.columns if train_df[c].dtype == 'object']

for col in numerical_cols_train:
    median_value = train_df[col].median()
    train_df[col] = train_df[col].fillna(median_value)
    test_df[col] = test_df[col].fillna(median_value)

for col in categorical_cols_train:
    mode_value = train_df[col].mode()[0]
    train_df[col] = train_df[col].fillna(mode_value)
    test_df[col] = test_df[col].fillna(mode_value)

# Handle high-cardinality columns
high_cardinality_cols = [col for col in categorical_cols_train if train_df[col].nunique() > 50]

for col in high_cardinality_cols:
    # Using Label Encoding for simplicity
    le = LabelEncoder()
    train_df[col] = le.fit_transform(train_df[col])
    test_df[col] = le.transform(test_df[col])

# Standardize numerical features
scaler = StandardScaler()
train_df[numerical_cols_train] = scaler.fit_transform(train_df[numerical_cols_train])
test_df[numerical_cols_train] = scaler.transform(test_df[numerical_cols_train])

# Save the processed data back to the same files (overwrite)
train_df.to_csv('train.csv', index=False)
test_df.to_csv('test.csv', index=False)

print("Data processing complete. Files saved.")
Error: Traceback (most recent call last):
  File "/home/progifrogi/PycharmProjects/Agentic-Modeling-Operational-Engineering-Beta-Application/.venv/lib/python3.11/site-packages/sklearn/utils/_encode.py", line 229, in _encode
    return _map_to_integer(values, uniques)
           ^^^^^^^^^^^^^^^^^^^^^^^^^^^^^^^^
  File "/home/progifrogi/PycharmProjects/Agentic-Modeling-Operational-Engineering-Beta-Application/.venv/lib/python3.11/site-packages/sklearn/utils/_encode.py", line 168, in _map_to_integer
    return xp.asarray([table[v] for v in values], device=device(values))
                      ^^^^^^^^^^^^^^^^^^^^^^^^^^
  File "/home/progifrogi/PycharmProjects/Agentic-Modeling-Operational-Engineering-Beta-Application/.venv/lib/python3.11/site-packages/sklearn/utils/_encode.py", line 168, in <listcomp>
    return xp.asarray([table[v] for v in values], device=device(values))
                       ~~~~~^^^
  File "/home/progifrogi/PycharmProjects/Agentic-Modeling-Operational-Engineering-Beta-Application/.venv/lib/python3.11/site-packages/sklearn/utils/_encode.py", line 161, in __missing__
    raise KeyError(key)
KeyError: 'Amazing 4 Bedrooms 4 Bathrooms sleeps 9'

During handling of the above exception, another exception occurred:

Traceback (most recent call last):
  File "/tmp/tmpefexw6j5.py", line 58, in <module>
    test_df[col] = le.transform(test_df[col])
                   ^^^^^^^^^^^^^^^^^^^^^^^^^^
  File "/home/progifrogi/PycharmProjects/Agentic-Modeling-Operational-Engineering-Beta-Application/.venv/lib/python3.11/site-packages/sklearn/preprocessing/_label.py", line 144, in transform
    return _encode(y, uniques=self.classes_)
           ^^^^^^^^^^^^^^^^^^^^^^^^^^^^^^^^^
  File "/home/progifrogi/PycharmProjects/Agentic-Modeling-Operational-Engineering-Beta-Application/.venv/lib/python3.11/site-packages/sklearn/utils/_encode.py", line 231, in _encode
    raise ValueError(f"y contains previously unseen labels: {e}")
ValueError: y contains previously unseen labels: 'Amazing 4 Bedrooms 4 Bathrooms sleeps 9'
Please provide correct code. Output only the code, no explanations.

2026-03-28 21:40:39,426 - INFO - Coder Response: import pandas as pd
from sklearn.preprocessing import LabelEncoder, StandardScaler

# Load data from session directory
train_df = pd.read_csv('train.csv')
test_df = pd.read_csv('test.csv')

# Check data types of all columns in both datasets
print("Train DataFrame Data Types:")
print(train_df.dtypes)
print("\nTest DataFrame Data Types:")
print(test_df.dtypes)

# Identify discrepancies and ensure consistency between the two datasets

# Handle missing values
numerical_cols_train = [c for c in train_df.columns if train_df[c].dtype != 'object' and c != 'target']
categorical_cols_train = [c for c in train_df.columns if train_df[c].dtype == 'object']

for col in numerical_cols_train:
    median_value = train_df[col].median()
    train_df[col] = train_df[col].fillna(median_value)
    test_df[col] = test_df[col].fillna(median_value)

for col in categorical_cols_train:
    mode_value = train_df[col].mode()[0]
    train_df[col] = train_df[col].fillna(mode_value)
    test_df[col] = test_df[col].fillna(mode_value)

# Handle high-cardinality columns
high_cardinality_cols = [col for col in categorical_cols_train if train_df[col].nunique() > 50]

for col in high_cardinality_cols:
    # Using Label Encoding for simplicity
    le = LabelEncoder()
    train_df[col] = le.fit_transform(train_df[col])
    
    # Ensure test data has the same labels as training data
    unique_labels = set(train_df[col].unique())
    unseen_labels = set(test_df[col]) - unique_labels
    
    if unseen_labels:
        for label in unseen_labels:
            test_df.loc[test_df[col] == label, col] = 'Unknown'
    
    test_df[col] = le.transform(test_df[col])

# Standardize numerical features
scaler = StandardScaler()
train_df[numerical_cols_train] = scaler.fit_transform(train_df[numerical_cols_train])
test_df[numerical_cols_train] = scaler.transform(test_df[numerical_cols_train])

# Save the processed data back to the same files (overwrite)
train_df.to_csv('train.csv', index=False)
test_df.to_csv('test.csv', index=False)

print("Data processing complete. Files saved.")
2026-03-28 21:40:45,212 - INFO - Code executed unsuccessfully: Traceback (most recent call last):
  File "/home/progifrogi/PycharmProjects/Agentic-Modeling-Operational-Engineering-Beta-Application/.venv/lib/python3.11/site-packages/sklearn/utils/_encode.py", line 229, in _encode
    return _map_to_integer(values, uniques)
           ^^^^^^^^^^^^^^^^^^^^^^^^^^^^^^^^
  File "/home/progifrogi/PycharmProjects/Agentic-Modeling-Operational-Engineering-Beta-Application/.venv/lib/python3.11/site-packages/sklearn/utils/_encode.py", line 168, in _map_to_integer
    return xp.asarray([table[v] for v in values], device=device(values))
                      ^^^^^^^^^^^^^^^^^^^^^^^^^^
  File "/home/progifrogi/PycharmProjects/Agentic-Modeling-Operational-Engineering-Beta-Application/.venv/lib/python3.11/site-packages/sklearn/utils/_encode.py", line 168, in <listcomp>
    return xp.asarray([table[v] for v in values], device=device(values))
                       ~~~~~^^^
  File "/home/progifrogi/PycharmProjects/Agentic-Modeling-Operational-Engineering-Beta-Application/.venv/lib/python3.11/site-packages/sklearn/utils/_encode.py", line 161, in __missing__
    raise KeyError(key)
KeyError: 'Unknown'

During handling of the above exception, another exception occurred:

Traceback (most recent call last):
  File "/tmp/tmp11l_n02r.py", line 67, in <module>
    test_df[col] = le.transform(test_df[col])
                   ^^^^^^^^^^^^^^^^^^^^^^^^^^
  File "/home/progifrogi/PycharmProjects/Agentic-Modeling-Operational-Engineering-Beta-Application/.venv/lib/python3.11/site-packages/sklearn/preprocessing/_label.py", line 144, in transform
    return _encode(y, uniques=self.classes_)
           ^^^^^^^^^^^^^^^^^^^^^^^^^^^^^^^^^
  File "/home/progifrogi/PycharmProjects/Agentic-Modeling-Operational-Engineering-Beta-Application/.venv/lib/python3.11/site-packages/sklearn/utils/_encode.py", line 231, in _encode
    raise ValueError(f"y contains previously unseen labels: {e}")
ValueError: y contains previously unseen labels: 'Unknown'
2026-03-28 21:40:45,212 - INFO - [Wrapper] Coder finished.
2026-03-28 21:40:45,212 - INFO - [Wrapper] Response: Error: Traceback (most recent call last):
  File "/home/progifrogi/PycharmProjects/Agentic-Modeling-Operational-Engineering-Beta-Application/.venv/lib/python3.11/site-packages/sklearn/utils/_encode.py", line 229, in _encode
    return _map_to_integer(values, uniques)
           ^^^^^^^^^^^^^^^^^^^^^^^^^^^^^^^^
  File "/home/progifrogi/PycharmProjects/Agentic-Modeling-Operational-Engineering-Beta-Application/.venv/lib/python3.11/site-packages/sklearn/utils/_encode.py", line 168, in _map_to_intege...
2026-03-28 21:40:49,516 - INFO - AnalyticREQUEST: 
    You are a professional data analyst working with files in the session directory.

    Current session directory: sessions/session_20260328_213856
    Files available: ['train.csv', 'test.csv']

    Current dataset state:
    Train data: 36671 rows, 15 columns
    Test data: 12224 rows, 14 columns

    Dataset description from author: 
    Dataset Description
# Files
train.csv - the training set
test.csv - the test set
sample_submission.csv - a sample submission file in the correct format
# Columns
name: название объекта
_id: уникальный идентификатор
host_name: имя владельца или хоста, который предоставляет жилье
location_cluster: кластеризация местоположений (например, группировка объектов по районам или зонам).
location: описание местоположения объекта
lat, lon: широта и долгота местоположения объекта.
type_house: тип жилья
sum: общая стоимость аренды или сумма за определенный период.
min_days: минимальное количество дней для бронирования объекта.
amt_reviews: количество отзывов, оставленных для данного объекта.
last_dt: дата последнего отзыва или последнего бронирования.
avg_reviews: средний рейтинг или среднее количество отзывов за определенный период.
total_host: общее количество объектов, принадлежащих одному хосту
target: целевая переменная

# Overview
Соревнование в рамках курса от МТС. Задача: предсказание дней занятости (или простоя) аренды недвижимости.

# Description
Соревнование по задаче регрессии

# Evaluation
Оценка по метрике MSE

    Previous attempts:
    DataAnalytic Request: Perform EDA and prepare data for modeling
DataWorker Response: Error: Traceback (most recent call last):
  File "/tmp/tmp_q8dicss.py", line 44, in <module>
    raise ValueError("Data types are inconsistent between train and test datasets.")
ValueError: Data types are inconsistent between train and test datasets.
DataAnalytic Request: Please check the following:
1. Verify that all columns have consistent data types.
2. Check for missing values in both train.csv and test.csv.
3. Ensure that the 'target' column in train.csv is correctly labeled and contains valid numerical values.
4. Normalize or standardize numerical features if necessary.
5. Encode categorical variables appropriately (e.g., one-hot encoding).
6. Split the training data into training and validation sets for model evaluation.
DataWorker Response: Error: Traceback (most recent call last):
  File "/home/progifrogi/PycharmProjects/Agentic-Modeling-Operational-Engineering-Beta-Application/.venv/lib/python3.11/site-packages/sklearn/utils/_encode.py", line 229, in _encode
    return _map_to_integer(values, uniques)
           ^^^^^^^^^^^^^^^^^^^^^^^^^^^^^^^^
  File "/home/progifrogi/PycharmProjects/Agentic-Modeling-Operational-Engineering-Beta-Application/.venv/lib/python3.11/site-packages/sklearn/utils/_encode.py", line 168, in _map_to_integer
    return xp.asarray([table[v] for v in values], device=device(values))
                      ^^^^^^^^^^^^^^^^^^^^^^^^^^
  File "/home/progifrogi/PycharmProjects/Agentic-Modeling-Operational-Engineering-Beta-Application/.venv/lib/python3.11/site-packages/sklearn/utils/_encode.py", line 168, in <listcomp>
    return xp.asarray([table[v] for v in values], device=device(values))
                       ~~~~~^^^
  File "/home/progifrogi/PycharmProjects/Agentic-Modeling-Operational-Engineering-Beta-Application/.venv/lib/python3.11/site-packages/sklearn/utils/_encode.py", line 161, in __missing__
    raise KeyError(key)
KeyError: 'Unknown'

During handling of the above exception, another exception occurred:

Traceback (most recent call last):
  File "/tmp/tmp11l_n02r.py", line 67, in <module>
    test_df[col] = le.transform(test_df[col])
                   ^^^^^^^^^^^^^^^^^^^^^^^^^^
  File "/home/progifrogi/PycharmProjects/Agentic-Modeling-Operational-Engineering-Beta-Application/.venv/lib/python3.11/site-packages/sklearn/preprocessing/_label.py", line 144, in transform
    return _encode(y, uniques=self.classes_)
           ^^^^^^^^^^^^^^^^^^^^^^^^^^^^^^^^^
  File "/home/progifrogi/PycharmProjects/Agentic-Modeling-Operational-Engineering-Beta-Application/.venv/lib/python3.11/site-packages/sklearn/utils/_encode.py", line 231, in _encode
    raise ValueError(f"y contains previously unseen labels: {e}")
ValueError: y contains previously unseen labels: 'Unknown'


    Task: Perform EDA and prepare data for modeling

    IMPORTANT:
    - All your operations should work with files in the session directory
    - You can modify train.csv and test.csv directly
    - The files will be automatically saved after each operation

    Rate your confidence (0-1) that the data is ready for model training.
    If rate > 0.9, we proceed to model training.

    Give response in json with fields:
    - data_planner_request: str with commands for data_worker
    - satisfy_rate: float
    
2026-03-28 21:40:49,517 - INFO - AnalyticRESPONSE: ```json
{
  "data_planner_request": "Please perform the following steps:\n1. Verify that all columns have consistent data types.\n2. Check for missing values in both train.csv and test.csv.\n3. Ensure that the 'target' column in train.csv is correctly labeled and contains valid numerical values.\n4. Normalize or standardize numerical features if necessary.\n5. Encode categorical variables appropriately (e.g., one-hot encoding).\n6. Split the training data into training and validation sets for model evaluation.",
  "satisfy_rate": 0.8
}
```
2026-03-28 21:40:49,517 - INFO - Parsed satisfy_rate: 0.8, done: False
2026-03-28 21:40:49,517 - INFO - [Wrapper] Running coder with task:

    Work with files in the session directory: sessions/session_20260328_213856

    Available files: ['train.csv', 'test.csv']

    Task: Please perform the following steps:
1. Verify that all columns have consistent data types.
2. Check for missing values in both train.csv and test.csv.
3. Ensure that the 'target' column in train.csv is correctly labeled and contains valid numerical values.
4. Normalize or standardize numerical features if necessary.
5. Encode categorical variables appropriately (e.g., one-hot encoding).
6. Split the training data into training and validation sets for model evaluation.

    Instructions:
    1. Load data from the session directory files (train.csv, test.csv)
    2. Perform required transformations
    3. Save the processed data back to the same files (overwrite)
    4. You can create additional files if needed (they will be saved in the session directory)

    Important:
    - All file operations should use paths relative to the session directory
    - The session directory is: sessions/session_20260328_213856
    - You can use: pd.read_csv('train.csv') - it will work from the session directory
    - After processing, save back using: df.to_csv('train.csv', index=False)

    The system will automatically use the updated files for the next steps.
    
2026-03-28 21:41:10,496 - INFO - Coder Request: 
    Write Python code for the following task:

    Work with files in the session directory: sessions/session_20260328_213856

    Available files: ['train.csv', 'test.csv']

    Task: Please perform the following steps:
1. Verify that all columns have consistent data types.
2. Check for missing values in both train.csv and test.csv.
3. Ensure that the 'target' column in train.csv is correctly labeled and contains valid numerical values.
4. Normalize or standardize numerical features if necessary.
5. Encode categorical variables appropriately (e.g., one-hot encoding).
6. Split the training data into training and validation sets for model evaluation.

    Instructions:
    1. Load data from the session directory files (train.csv, test.csv)
    2. Perform required transformations
    3. Save the processed data back to the same files (overwrite)
    4. You can create additional files if needed (they will be saved in the session directory)

    Important:
    - All file operations should use paths relative to the session directory
    - The session directory is: sessions/session_20260328_213856
    - You can use: pd.read_csv('train.csv') - it will work from the session directory
    - After processing, save back using: df.to_csv('train.csv', index=False)

    The system will automatically use the updated files for the next steps.
    
Important: When generating code, ensure:
    - Use proper spacing: "import pandas as pd" not "import pandasaspd"
    - Add spaces after commas: "func(arg1, arg2)" not "func(arg1,arg2)"
    - Put each statement on a new line
    - Use proper indentation (4 spaces per level)
    - Ensure the code runs without errors and outputs meaningful results.
    - If using sklearn, use sparse_output=False instead of sparse=False for OneHotEncoder (newer sklearn versions)
    - Use .ravel() when assigning imputed values to avoid dimension issues
    - Don't use matplotlib or seaborn for visualizations
    
    1. Memory efficiency is KEY - work with large datasets (36k rows, 15 columns)
    2. DO NOT create explosion of features - avoid OneHotEncoder on high-cardinality columns
    3. For columns with > 50 unique values, use:
       - Label Encoding, or
       - Frequency encoding, or
       - Keep as-is (if meaningful for model like text)
    4. Always print shapes and memory usage after operations
    5. Handle missing values simply:
       - Numerical: fill with median/mean
       - Categorical: fill with "Unknown" or mode
    6. For datetime: extract useful features (year, month, day, dayofweek)
    7. Use StandardScaler for numerical features
    8. Save processed files with .to_csv(index=False)
    9. Print progress messages
    10. **TEST DATA DOES NOT HAVE 'target' COLUMN** - This is the most important rule!
       - Always exclude 'target' from numerical_cols when processing test data
       - Use: numerical_cols_train = [c for c in numerical_cols if c != 'target']
       - For test: use the same columns as train WITHOUT 'target'
    REMEMBER - in test.csv not 'target'
    Output only the code, no explanations.
    
2026-03-28 21:41:10,496 - INFO - Coder Response: import pandas as pd
from sklearn.model_selection import train_test_split
from sklearn.preprocessing import StandardScaler, OneHotEncoder, LabelEncoder
from sklearn.impute import SimpleImputer
from sklearn.compose import ColumnTransformer
from sklearn.pipeline import Pipeline

# Load data
train_df = pd.read_csv('train.csv')
test_df = pd.read_csv('test.csv')

# Verify consistent data types
print("Train DataFrame info:")
print(train_df.info())
print("\nTest DataFrame info:")
print(test_df.info())

# Check for missing values
print("\nMissing values in train.csv:")
print(train_df.isnull().sum())
print("\nMissing values in test.csv:")
print(test_df.isnull().sum())

# Ensure 'target' column is correctly labeled and contains valid numerical values
if not pd.api.types.is_numeric_dtype(train_df['target']):
    raise ValueError("Target column must contain numeric values")

# Identify numerical and categorical columns
numerical_cols = train_df.select_dtypes(include=['int64', 'float64']).columns.tolist()
categorical_cols = train_df.select_dtypes(include=['object', 'category']).columns.tolist()

# Handle missing values
numerical_imputer = SimpleImputer(strategy='median')
categorical_imputer = SimpleImputer(strategy='most_frequent')

# Encode categorical variables
high_cardinality_threshold = 50

for col in categorical_cols:
    if train_df[col].nunique() > high_cardinality_threshold:
        # Use Label Encoding for high-cardinality columns
        le = LabelEncoder()
        train_df[col] = le.fit_transform(train_df[col])
        test_df[col] = le.transform(test_df[col])
    else:
        # Use OneHotEncoding for low-cardinality columns
        ohe = OneHotEncoder(sparse_output=False)
        train_encoded = ohe.fit_transform(train_df[[col]])
        test_encoded = ohe.transform(test_df[[col]])
        
        # Create new DataFrame with encoded features
        train_encoded_df = pd.DataFrame(train_encoded, columns=ohe.get_feature_names_out([col]))
        test_encoded_df = pd.DataFrame(test_encoded, columns=ohe.get_feature_names_out([col]))
        
        # Drop original column and concatenate encoded features
        train_df = pd.concat([train_df.drop(columns=[col]), train_encoded_df], axis=1)
        test_df = pd.concat([test_df.drop(columns=[col]), test_encoded_df], axis=1)

# Normalize numerical features
scaler = StandardScaler()
numerical_cols_train = [c for c in numerical_cols if c != 'target']
train_df[numerical_cols_train] = scaler.fit_transform(train_df[numerical_cols_train])
test_df[numerical_cols_train] = scaler.transform(test_df[numerical_cols_train])

# Split the training data into training and validation sets
X_train, X_val, y_train, y_val = train_test_split(train_df.drop(columns=['target']), train_df['target'], test_size=0.2, random_state=42)

# Save processed data back to the same files (overwrite)
train_df.to_csv('train.csv', index=False)
test_df.to_csv('test.csv', index=False)

# Print shapes and memory usage after operations
print("\nTrain DataFrame shape:", train_df.shape)
print("Train DataFrame memory usage:")
print(train_df.memory_usage(deep=True))
print("\nTest DataFrame shape:", test_df.shape)
print("Test DataFrame memory usage:")
print(test_df.memory_usage(deep=True))

print("\nTraining set shape:", X_train.shape, y_train.shape)
print("Validation set shape:", X_val.shape, y_val.shape)

print("\nProcessing complete.")
2026-03-28 21:41:11,303 - INFO - Code executed unsuccessfully: Traceback (most recent call last):
  File "/home/progifrogi/PycharmProjects/Agentic-Modeling-Operational-Engineering-Beta-Application/.venv/lib/python3.11/site-packages/sklearn/utils/_encode.py", line 229, in _encode
    return _map_to_integer(values, uniques)
           ^^^^^^^^^^^^^^^^^^^^^^^^^^^^^^^^
  File "/home/progifrogi/PycharmProjects/Agentic-Modeling-Operational-Engineering-Beta-Application/.venv/lib/python3.11/site-packages/sklearn/utils/_encode.py", line 168, in _map_to_integer
    return xp.asarray([table[v] for v in values], device=device(values))
                      ^^^^^^^^^^^^^^^^^^^^^^^^^^
  File "/home/progifrogi/PycharmProjects/Agentic-Modeling-Operational-Engineering-Beta-Application/.venv/lib/python3.11/site-packages/sklearn/utils/_encode.py", line 168, in <listcomp>
    return xp.asarray([table[v] for v in values], device=device(values))
                       ~~~~~^^^
  File "/home/progifrogi/PycharmProjects/Agentic-Modeling-Operational-Engineering-Beta-Application/.venv/lib/python3.11/site-packages/sklearn/utils/_encode.py", line 161, in __missing__
    raise KeyError(key)
KeyError: 'Amazing 4 Bedrooms 4 Bathrooms sleeps 9'

During handling of the above exception, another exception occurred:

Traceback (most recent call last):
  File "/tmp/tmpf5dsi_pi.py", line 65, in <module>
    test_df[col] = le.transform(test_df[col])
                   ^^^^^^^^^^^^^^^^^^^^^^^^^^
  File "/home/progifrogi/PycharmProjects/Agentic-Modeling-Operational-Engineering-Beta-Application/.venv/lib/python3.11/site-packages/sklearn/preprocessing/_label.py", line 144, in transform
    return _encode(y, uniques=self.classes_)
           ^^^^^^^^^^^^^^^^^^^^^^^^^^^^^^^^^
  File "/home/progifrogi/PycharmProjects/Agentic-Modeling-Operational-Engineering-Beta-Application/.venv/lib/python3.11/site-packages/sklearn/utils/_encode.py", line 231, in _encode
    raise ValueError(f"y contains previously unseen labels: {e}")
ValueError: y contains previously unseen labels: 'Amazing 4 Bedrooms 4 Bathrooms sleeps 9'
2026-03-28 21:41:34,392 - INFO - Coder Request: The following code had an error:
import pandas as pd
from sklearn.model_selection import train_test_split
from sklearn.preprocessing import StandardScaler, OneHotEncoder, LabelEncoder
from sklearn.impute import SimpleImputer
from sklearn.compose import ColumnTransformer
from sklearn.pipeline import Pipeline

# Load data
train_df = pd.read_csv('train.csv')
test_df = pd.read_csv('test.csv')

# Verify consistent data types
print("Train DataFrame info:")
print(train_df.info())
print("\nTest DataFrame info:")
print(test_df.info())

# Check for missing values
print("\nMissing values in train.csv:")
print(train_df.isnull().sum())
print("\nMissing values in test.csv:")
print(test_df.isnull().sum())

# Ensure 'target' column is correctly labeled and contains valid numerical values
if not pd.api.types.is_numeric_dtype(train_df['target']):
    raise ValueError("Target column must contain numeric values")

# Identify numerical and categorical columns
numerical_cols = train_df.select_dtypes(include=['int64', 'float64']).columns.tolist()
categorical_cols = train_df.select_dtypes(include=['object', 'category']).columns.tolist()

# Handle missing values
numerical_imputer = SimpleImputer(strategy='median')
categorical_imputer = SimpleImputer(strategy='most_frequent')

# Encode categorical variables
high_cardinality_threshold = 50

for col in categorical_cols:
    if train_df[col].nunique() > high_cardinality_threshold:
        # Use Label Encoding for high-cardinality columns
        le = LabelEncoder()
        train_df[col] = le.fit_transform(train_df[col])
        test_df[col] = le.transform(test_df[col])
    else:
        # Use OneHotEncoding for low-cardinality columns
        ohe = OneHotEncoder(sparse_output=False)
        train_encoded = ohe.fit_transform(train_df[[col]])
        test_encoded = ohe.transform(test_df[[col]])
        
        # Create new DataFrame with encoded features
        train_encoded_df = pd.DataFrame(train_encoded, columns=ohe.get_feature_names_out([col]))
        test_encoded_df = pd.DataFrame(test_encoded, columns=ohe.get_feature_names_out([col]))
        
        # Drop original column and concatenate encoded features
        train_df = pd.concat([train_df.drop(columns=[col]), train_encoded_df], axis=1)
        test_df = pd.concat([test_df.drop(columns=[col]), test_encoded_df], axis=1)

# Normalize numerical features
scaler = StandardScaler()
numerical_cols_train = [c for c in numerical_cols if c != 'target']
train_df[numerical_cols_train] = scaler.fit_transform(train_df[numerical_cols_train])
test_df[numerical_cols_train] = scaler.transform(test_df[numerical_cols_train])

# Split the training data into training and validation sets
X_train, X_val, y_train, y_val = train_test_split(train_df.drop(columns=['target']), train_df['target'], test_size=0.2, random_state=42)

# Save processed data back to the same files (overwrite)
train_df.to_csv('train.csv', index=False)
test_df.to_csv('test.csv', index=False)

# Print shapes and memory usage after operations
print("\nTrain DataFrame shape:", train_df.shape)
print("Train DataFrame memory usage:")
print(train_df.memory_usage(deep=True))
print("\nTest DataFrame shape:", test_df.shape)
print("Test DataFrame memory usage:")
print(test_df.memory_usage(deep=True))

print("\nTraining set shape:", X_train.shape, y_train.shape)
print("Validation set shape:", X_val.shape, y_val.shape)

print("\nProcessing complete.")
Error: Traceback (most recent call last):
  File "/home/progifrogi/PycharmProjects/Agentic-Modeling-Operational-Engineering-Beta-Application/.venv/lib/python3.11/site-packages/sklearn/utils/_encode.py", line 229, in _encode
    return _map_to_integer(values, uniques)
           ^^^^^^^^^^^^^^^^^^^^^^^^^^^^^^^^
  File "/home/progifrogi/PycharmProjects/Agentic-Modeling-Operational-Engineering-Beta-Application/.venv/lib/python3.11/site-packages/sklearn/utils/_encode.py", line 168, in _map_to_integer
    return xp.asarray([table[v] for v in values], device=device(values))
                      ^^^^^^^^^^^^^^^^^^^^^^^^^^
  File "/home/progifrogi/PycharmProjects/Agentic-Modeling-Operational-Engineering-Beta-Application/.venv/lib/python3.11/site-packages/sklearn/utils/_encode.py", line 168, in <listcomp>
    return xp.asarray([table[v] for v in values], device=device(values))
                       ~~~~~^^^
  File "/home/progifrogi/PycharmProjects/Agentic-Modeling-Operational-Engineering-Beta-Application/.venv/lib/python3.11/site-packages/sklearn/utils/_encode.py", line 161, in __missing__
    raise KeyError(key)
KeyError: 'Amazing 4 Bedrooms 4 Bathrooms sleeps 9'

During handling of the above exception, another exception occurred:

Traceback (most recent call last):
  File "/tmp/tmpf5dsi_pi.py", line 65, in <module>
    test_df[col] = le.transform(test_df[col])
                   ^^^^^^^^^^^^^^^^^^^^^^^^^^
  File "/home/progifrogi/PycharmProjects/Agentic-Modeling-Operational-Engineering-Beta-Application/.venv/lib/python3.11/site-packages/sklearn/preprocessing/_label.py", line 144, in transform
    return _encode(y, uniques=self.classes_)
           ^^^^^^^^^^^^^^^^^^^^^^^^^^^^^^^^^
  File "/home/progifrogi/PycharmProjects/Agentic-Modeling-Operational-Engineering-Beta-Application/.venv/lib/python3.11/site-packages/sklearn/utils/_encode.py", line 231, in _encode
    raise ValueError(f"y contains previously unseen labels: {e}")
ValueError: y contains previously unseen labels: 'Amazing 4 Bedrooms 4 Bathrooms sleeps 9'
Please provide correct code. Output only the code, no explanations.

2026-03-28 21:41:34,392 - INFO - Coder Response: import pandas as pd
from sklearn.model_selection import train_test_split
from sklearn.preprocessing import StandardScaler, OneHotEncoder, LabelEncoder
from sklearn.impute import SimpleImputer
from sklearn.compose import ColumnTransformer
from sklearn.pipeline import Pipeline

# Load data
train_df = pd.read_csv('train.csv')
test_df = pd.read_csv('test.csv')

# Verify consistent data types
print("Train DataFrame info:")
print(train_df.info())
print("\nTest DataFrame info:")
print(test_df.info())

# Check for missing values
print("\nMissing values in train.csv:")
print(train_df.isnull().sum())
print("\nMissing values in test.csv:")
print(test_df.isnull().sum())

# Ensure 'target' column is correctly labeled and contains valid numerical values
if not pd.api.types.is_numeric_dtype(train_df['target']):
    raise ValueError("Target column must contain numeric values")

# Identify numerical and categorical columns
numerical_cols = train_df.select_dtypes(include=['int64', 'float64']).columns.tolist()
categorical_cols = train_df.select_dtypes(include=['object', 'category']).columns.tolist()

# Handle missing values
numerical_imputer = SimpleImputer(strategy='median')
categorical_imputer = SimpleImputer(strategy='most_frequent')

train_df[numerical_cols] = numerical_imputer.fit_transform(train_df[numerical_cols])
test_df[numerical_cols] = numerical_imputer.transform(test_df[numerical_cols])

train_df[categorical_cols] = categorical_imputer.fit_transform(train_df[categorical_cols])
test_df[categorical_cols] = categorical_imputer.transform(test_df[categorical_cols])

# Encode categorical variables
high_cardinality_threshold = 50

for col in categorical_cols:
    if train_df[col].nunique() > high_cardinality_threshold:
        # Use Label Encoding for high-cardinality columns
        le = LabelEncoder()
        train_df[col] = le.fit_transform(train_df[col])
        test_df[col] = le.transform(test_df[col])
    else:
        # Use OneHotEncoding for low-cardinality columns
        ohe = OneHotEncoder(sparse_output=False, handle_unknown='ignore')
        train_encoded = ohe.fit_transform(train_df[[col]])
        test_encoded = ohe.transform(test_df[[col]])
        
        # Create new DataFrame with encoded features
        train_encoded_df = pd.DataFrame(train_encoded, columns=ohe.get_feature_names_out([col]))
        test_encoded_df = pd.DataFrame(test_encoded, columns=ohe.get_feature_names_out([col]))
        
        # Drop original column and concatenate encoded features
        train_df = pd.concat([train_df.drop(columns=[col]), train_encoded_df], axis=1)
        test_df = pd.concat([test_df.drop(columns=[col]), test_encoded_df], axis=1)

# Normalize numerical features
scaler = StandardScaler()
numerical_cols_train = [c for c in numerical_cols if c != 'target']
train_df[numerical_cols_train] = scaler.fit_transform(train_df[numerical_cols_train])
test_df[numerical_cols_train] = scaler.transform(test_df[numerical_cols_train])

# Split the training data into training and validation sets
X_train, X_val, y_train, y_val = train_test_split(train_df.drop(columns=['target']), train_df['target'], test_size=0.2, random_state=42)

# Save processed data back to the same files (overwrite)
train_df.to_csv('train.csv', index=False)
test_df.to_csv('test.csv', index=False)

# Print shapes and memory usage after operations
print("\nTrain DataFrame shape:", train_df.shape)
print("Train DataFrame memory usage:")
print(train_df.memory_usage(deep=True))
print("\nTest DataFrame shape:", test_df.shape)
print("Test DataFrame memory usage:")
print(test_df.memory_usage(deep=True))

print("\nTraining set shape:", X_train.shape, y_train.shape)
print("Validation set shape:", X_val.shape, y_val.shape)

print("\nProcessing complete.")
2026-03-28 21:41:35,184 - INFO - Code executed unsuccessfully: Traceback (most recent call last):
  File "/tmp/tmpvr_yv945.py", line 58, in <module>
    test_df[numerical_cols] = numerical_imputer.transform(test_df[numerical_cols])
                                                          ~~~~~~~^^^^^^^^^^^^^^^^
  File "/home/progifrogi/PycharmProjects/Agentic-Modeling-Operational-Engineering-Beta-Application/.venv/lib/python3.11/site-packages/pandas/core/frame.py", line 4119, in __getitem__
    indexer = self.columns._get_indexer_strict(key, "columns")[1]
              ^^^^^^^^^^^^^^^^^^^^^^^^^^^^^^^^^^^^^^^^^^^^^^^^
  File "/home/progifrogi/PycharmProjects/Agentic-Modeling-Operational-Engineering-Beta-Application/.venv/lib/python3.11/site-packages/pandas/core/indexes/base.py", line 6212, in _get_indexer_strict
    self._raise_if_missing(keyarr, indexer, axis_name)
  File "/home/progifrogi/PycharmProjects/Agentic-Modeling-Operational-Engineering-Beta-Application/.venv/lib/python3.11/site-packages/pandas/core/indexes/base.py", line 6264, in _raise_if_missing
    raise KeyError(f"{not_found} not in index")
KeyError: "['target'] not in index"
2026-03-28 21:41:58,837 - INFO - Coder Request: The following code had an error:
import pandas as pd
from sklearn.model_selection import train_test_split
from sklearn.preprocessing import StandardScaler, OneHotEncoder, LabelEncoder
from sklearn.impute import SimpleImputer
from sklearn.compose import ColumnTransformer
from sklearn.pipeline import Pipeline

# Load data
train_df = pd.read_csv('train.csv')
test_df = pd.read_csv('test.csv')

# Verify consistent data types
print("Train DataFrame info:")
print(train_df.info())
print("\nTest DataFrame info:")
print(test_df.info())

# Check for missing values
print("\nMissing values in train.csv:")
print(train_df.isnull().sum())
print("\nMissing values in test.csv:")
print(test_df.isnull().sum())

# Ensure 'target' column is correctly labeled and contains valid numerical values
if not pd.api.types.is_numeric_dtype(train_df['target']):
    raise ValueError("Target column must contain numeric values")

# Identify numerical and categorical columns
numerical_cols = train_df.select_dtypes(include=['int64', 'float64']).columns.tolist()
categorical_cols = train_df.select_dtypes(include=['object', 'category']).columns.tolist()

# Handle missing values
numerical_imputer = SimpleImputer(strategy='median')
categorical_imputer = SimpleImputer(strategy='most_frequent')

train_df[numerical_cols] = numerical_imputer.fit_transform(train_df[numerical_cols])
test_df[numerical_cols] = numerical_imputer.transform(test_df[numerical_cols])

train_df[categorical_cols] = categorical_imputer.fit_transform(train_df[categorical_cols])
test_df[categorical_cols] = categorical_imputer.transform(test_df[categorical_cols])

# Encode categorical variables
high_cardinality_threshold = 50

for col in categorical_cols:
    if train_df[col].nunique() > high_cardinality_threshold:
        # Use Label Encoding for high-cardinality columns
        le = LabelEncoder()
        train_df[col] = le.fit_transform(train_df[col])
        test_df[col] = le.transform(test_df[col])
    else:
        # Use OneHotEncoding for low-cardinality columns
        ohe = OneHotEncoder(sparse_output=False, handle_unknown='ignore')
        train_encoded = ohe.fit_transform(train_df[[col]])
        test_encoded = ohe.transform(test_df[[col]])
        
        # Create new DataFrame with encoded features
        train_encoded_df = pd.DataFrame(train_encoded, columns=ohe.get_feature_names_out([col]))
        test_encoded_df = pd.DataFrame(test_encoded, columns=ohe.get_feature_names_out([col]))
        
        # Drop original column and concatenate encoded features
        train_df = pd.concat([train_df.drop(columns=[col]), train_encoded_df], axis=1)
        test_df = pd.concat([test_df.drop(columns=[col]), test_encoded_df], axis=1)

# Normalize numerical features
scaler = StandardScaler()
numerical_cols_train = [c for c in numerical_cols if c != 'target']
train_df[numerical_cols_train] = scaler.fit_transform(train_df[numerical_cols_train])
test_df[numerical_cols_train] = scaler.transform(test_df[numerical_cols_train])

# Split the training data into training and validation sets
X_train, X_val, y_train, y_val = train_test_split(train_df.drop(columns=['target']), train_df['target'], test_size=0.2, random_state=42)

# Save processed data back to the same files (overwrite)
train_df.to_csv('train.csv', index=False)
test_df.to_csv('test.csv', index=False)

# Print shapes and memory usage after operations
print("\nTrain DataFrame shape:", train_df.shape)
print("Train DataFrame memory usage:")
print(train_df.memory_usage(deep=True))
print("\nTest DataFrame shape:", test_df.shape)
print("Test DataFrame memory usage:")
print(test_df.memory_usage(deep=True))

print("\nTraining set shape:", X_train.shape, y_train.shape)
print("Validation set shape:", X_val.shape, y_val.shape)

print("\nProcessing complete.")
Error: Traceback (most recent call last):
  File "/tmp/tmpvr_yv945.py", line 58, in <module>
    test_df[numerical_cols] = numerical_imputer.transform(test_df[numerical_cols])
                                                          ~~~~~~~^^^^^^^^^^^^^^^^
  File "/home/progifrogi/PycharmProjects/Agentic-Modeling-Operational-Engineering-Beta-Application/.venv/lib/python3.11/site-packages/pandas/core/frame.py", line 4119, in __getitem__
    indexer = self.columns._get_indexer_strict(key, "columns")[1]
              ^^^^^^^^^^^^^^^^^^^^^^^^^^^^^^^^^^^^^^^^^^^^^^^^
  File "/home/progifrogi/PycharmProjects/Agentic-Modeling-Operational-Engineering-Beta-Application/.venv/lib/python3.11/site-packages/pandas/core/indexes/base.py", line 6212, in _get_indexer_strict
    self._raise_if_missing(keyarr, indexer, axis_name)
  File "/home/progifrogi/PycharmProjects/Agentic-Modeling-Operational-Engineering-Beta-Application/.venv/lib/python3.11/site-packages/pandas/core/indexes/base.py", line 6264, in _raise_if_missing
    raise KeyError(f"{not_found} not in index")
KeyError: "['target'] not in index"
Please provide correct code. Output only the code, no explanations.

2026-03-28 21:41:58,837 - INFO - Coder Response: import pandas as pd
from sklearn.model_selection import train_test_split
from sklearn.preprocessing import StandardScaler, OneHotEncoder, LabelEncoder
from sklearn.impute import SimpleImputer
from sklearn.compose import ColumnTransformer
from sklearn.pipeline import Pipeline

# Load data
train_df = pd.read_csv('train.csv')
test_df = pd.read_csv('test.csv')

# Verify consistent data types
print("Train DataFrame info:")
print(train_df.info())
print("\nTest DataFrame info:")
print(test_df.info())

# Check for missing values
print("\nMissing values in train.csv:")
print(train_df.isnull().sum())
print("\nMissing values in test.csv:")
print(test_df.isnull().sum())

# Ensure 'target' column is correctly labeled and contains valid numerical values
if not pd.api.types.is_numeric_dtype(train_df['target']):
    raise ValueError("Target column must contain numeric values")

# Identify numerical and categorical columns
numerical_cols = train_df.select_dtypes(include=['int64', 'float64']).columns.tolist()
categorical_cols = train_df.select_dtypes(include=['object', 'category']).columns.tolist()

# Handle missing values
numerical_imputer = SimpleImputer(strategy='median')
categorical_imputer = SimpleImputer(strategy='most_frequent')

train_df[numerical_cols] = numerical_imputer.fit_transform(train_df[numerical_cols])
test_df[numerical_cols] = numerical_imputer.transform(test_df[numerical_cols])

train_df[categorical_cols] = categorical_imputer.fit_transform(train_df[categorical_cols])
test_df[categorical_cols] = categorical_imputer.transform(test_df[categorical_cols])

# Encode categorical variables
high_cardinality_threshold = 50

for col in categorical_cols:
    if train_df[col].nunique() > high_cardinality_threshold:
        # Use Label Encoding for high-cardinality columns
        le = LabelEncoder()
        train_df[col] = le.fit_transform(train_df[col])
        test_df[col] = le.transform(test_df[col])
    else:
        # Use OneHotEncoding for low-cardinality columns
        ohe = OneHotEncoder(sparse_output=False, handle_unknown='ignore')
        train_encoded = ohe.fit_transform(train_df[[col]])
        test_encoded = ohe.transform(test_df[[col]])
        
        # Create new DataFrame with encoded features
        train_encoded_df = pd.DataFrame(train_encoded, columns=ohe.get_feature_names_out([col]))
        test_encoded_df = pd.DataFrame(test_encoded, columns=ohe.get_feature_names_out([col]))
        
        # Drop original column and concatenate encoded features
        train_df = pd.concat([train_df.drop(columns=[col]), train_encoded_df], axis=1)
        test_df = pd.concat([test_df.drop(columns=[col]), test_encoded_df], axis=1)

# Normalize numerical features
scaler = StandardScaler()
numerical_cols_train = [c for c in numerical_cols if c != 'target']
train_df[numerical_cols_train] = scaler.fit_transform(train_df[numerical_cols_train])
test_df[numerical_cols_train] = scaler.transform(test_df[numerical_cols_train])

# Split the training data into training and validation sets
X_train, X_val, y_train, y_val = train_test_split(train_df.drop(columns=['target']), train_df['target'], test_size=0.2, random_state=42)

# Save processed data back to the same files (overwrite)
train_df.to_csv('train.csv', index=False)
test_df.to_csv('test.csv', index=False)

# Print shapes and memory usage after operations
print("\nTrain DataFrame shape:", train_df.shape)
print("Train DataFrame memory usage:")
print(train_df.memory_usage(deep=True))
print("\nTest DataFrame shape:", test_df.shape)
print("Test DataFrame memory usage:")
print(test_df.memory_usage(deep=True))

print("\nTraining set shape:", X_train.shape, y_train.shape)
print("Validation set shape:", X_val.shape, y_val.shape)

print("\nProcessing complete.")
2026-03-28 21:41:59,655 - INFO - Code executed unsuccessfully: Traceback (most recent call last):
  File "/tmp/tmp8kodj216.py", line 58, in <module>
    test_df[numerical_cols] = numerical_imputer.transform(test_df[numerical_cols])
                                                          ~~~~~~~^^^^^^^^^^^^^^^^
  File "/home/progifrogi/PycharmProjects/Agentic-Modeling-Operational-Engineering-Beta-Application/.venv/lib/python3.11/site-packages/pandas/core/frame.py", line 4119, in __getitem__
    indexer = self.columns._get_indexer_strict(key, "columns")[1]
              ^^^^^^^^^^^^^^^^^^^^^^^^^^^^^^^^^^^^^^^^^^^^^^^^
  File "/home/progifrogi/PycharmProjects/Agentic-Modeling-Operational-Engineering-Beta-Application/.venv/lib/python3.11/site-packages/pandas/core/indexes/base.py", line 6212, in _get_indexer_strict
    self._raise_if_missing(keyarr, indexer, axis_name)
  File "/home/progifrogi/PycharmProjects/Agentic-Modeling-Operational-Engineering-Beta-Application/.venv/lib/python3.11/site-packages/pandas/core/indexes/base.py", line 6264, in _raise_if_missing
    raise KeyError(f"{not_found} not in index")
KeyError: "['target'] not in index"
2026-03-28 21:41:59,655 - INFO - [Wrapper] Coder finished.
2026-03-28 21:41:59,655 - INFO - [Wrapper] Response: Error: Traceback (most recent call last):
  File "/tmp/tmp8kodj216.py", line 58, in <module>
    test_df[numerical_cols] = numerical_imputer.transform(test_df[numerical_cols])
                                                          ~~~~~~~^^^^^^^^^^^^^^^^
  File "/home/progifrogi/PycharmProjects/Agentic-Modeling-Operational-Engineering-Beta-Application/.venv/lib/python3.11/site-packages/pandas/core/frame.py", line 4119, in __getitem__
    indexer = self.columns._get_indexer_strict(key, "column...
2026-03-28 21:42:05,525 - INFO - AnalyticREQUEST: 
    You are a professional data analyst working with files in the session directory.

    Current session directory: sessions/session_20260328_213856
    Files available: ['train.csv', 'test.csv']

    Current dataset state:
    Train data: 36671 rows, 15 columns
    Test data: 12224 rows, 14 columns

    Dataset description from author: 
    Dataset Description
# Files
train.csv - the training set
test.csv - the test set
sample_submission.csv - a sample submission file in the correct format
# Columns
name: название объекта
_id: уникальный идентификатор
host_name: имя владельца или хоста, который предоставляет жилье
location_cluster: кластеризация местоположений (например, группировка объектов по районам или зонам).
location: описание местоположения объекта
lat, lon: широта и долгота местоположения объекта.
type_house: тип жилья
sum: общая стоимость аренды или сумма за определенный период.
min_days: минимальное количество дней для бронирования объекта.
amt_reviews: количество отзывов, оставленных для данного объекта.
last_dt: дата последнего отзыва или последнего бронирования.
avg_reviews: средний рейтинг или среднее количество отзывов за определенный период.
total_host: общее количество объектов, принадлежащих одному хосту
target: целевая переменная

# Overview
Соревнование в рамках курса от МТС. Задача: предсказание дней занятости (или простоя) аренды недвижимости.

# Description
Соревнование по задаче регрессии

# Evaluation
Оценка по метрике MSE

    Previous attempts:
    DataAnalytic Request: Perform EDA and prepare data for modeling
DataWorker Response: Error: Traceback (most recent call last):
  File "/tmp/tmp_q8dicss.py", line 44, in <module>
    raise ValueError("Data types are inconsistent between train and test datasets.")
ValueError: Data types are inconsistent between train and test datasets.
DataAnalytic Request: Please check the following:
1. Verify that all columns have consistent data types.
2. Check for missing values in both train.csv and test.csv.
3. Ensure that the 'target' column in train.csv is correctly labeled and contains valid numerical values.
4. Normalize or standardize numerical features if necessary.
5. Encode categorical variables appropriately (e.g., one-hot encoding).
6. Split the training data into training and validation sets for model evaluation.
DataWorker Response: Error: Traceback (most recent call last):
  File "/home/progifrogi/PycharmProjects/Agentic-Modeling-Operational-Engineering-Beta-Application/.venv/lib/python3.11/site-packages/sklearn/utils/_encode.py", line 229, in _encode
    return _map_to_integer(values, uniques)
           ^^^^^^^^^^^^^^^^^^^^^^^^^^^^^^^^
  File "/home/progifrogi/PycharmProjects/Agentic-Modeling-Operational-Engineering-Beta-Application/.venv/lib/python3.11/site-packages/sklearn/utils/_encode.py", line 168, in _map_to_integer
    return xp.asarray([table[v] for v in values], device=device(values))
                      ^^^^^^^^^^^^^^^^^^^^^^^^^^
  File "/home/progifrogi/PycharmProjects/Agentic-Modeling-Operational-Engineering-Beta-Application/.venv/lib/python3.11/site-packages/sklearn/utils/_encode.py", line 168, in <listcomp>
    return xp.asarray([table[v] for v in values], device=device(values))
                       ~~~~~^^^
  File "/home/progifrogi/PycharmProjects/Agentic-Modeling-Operational-Engineering-Beta-Application/.venv/lib/python3.11/site-packages/sklearn/utils/_encode.py", line 161, in __missing__
    raise KeyError(key)
KeyError: 'Unknown'

During handling of the above exception, another exception occurred:

Traceback (most recent call last):
  File "/tmp/tmp11l_n02r.py", line 67, in <module>
    test_df[col] = le.transform(test_df[col])
                   ^^^^^^^^^^^^^^^^^^^^^^^^^^
  File "/home/progifrogi/PycharmProjects/Agentic-Modeling-Operational-Engineering-Beta-Application/.venv/lib/python3.11/site-packages/sklearn/preprocessing/_label.py", line 144, in transform
    return _encode(y, uniques=self.classes_)
           ^^^^^^^^^^^^^^^^^^^^^^^^^^^^^^^^^
  File "/home/progifrogi/PycharmProjects/Agentic-Modeling-Operational-Engineering-Beta-Application/.venv/lib/python3.11/site-packages/sklearn/utils/_encode.py", line 231, in _encode
    raise ValueError(f"y contains previously unseen labels: {e}")
ValueError: y contains previously unseen labels: 'Unknown'
DataAnalytic Request: Check the data types of all columns in both train.csv and test.csv. Identify any discrepancies and ensure consistency between the two datasets.
DataWorker Response: Error: Traceback (most recent call last):
  File "/tmp/tmp8kodj216.py", line 58, in <module>
    test_df[numerical_cols] = numerical_imputer.transform(test_df[numerical_cols])
                                                          ~~~~~~~^^^^^^^^^^^^^^^^
  File "/home/progifrogi/PycharmProjects/Agentic-Modeling-Operational-Engineering-Beta-Application/.venv/lib/python3.11/site-packages/pandas/core/frame.py", line 4119, in __getitem__
    indexer = self.columns._get_indexer_strict(key, "columns")[1]
              ^^^^^^^^^^^^^^^^^^^^^^^^^^^^^^^^^^^^^^^^^^^^^^^^
  File "/home/progifrogi/PycharmProjects/Agentic-Modeling-Operational-Engineering-Beta-Application/.venv/lib/python3.11/site-packages/pandas/core/indexes/base.py", line 6212, in _get_indexer_strict
    self._raise_if_missing(keyarr, indexer, axis_name)
  File "/home/progifrogi/PycharmProjects/Agentic-Modeling-Operational-Engineering-Beta-Application/.venv/lib/python3.11/site-packages/pandas/core/indexes/base.py", line 6264, in _raise_if_missing
    raise KeyError(f"{not_found} not in index")
KeyError: "['target'] not in index"


    Task: Perform EDA and prepare data for modeling

    IMPORTANT:
    - All your operations should work with files in the session directory
    - You can modify train.csv and test.csv directly
    - The files will be automatically saved after each operation

    Rate your confidence (0-1) that the data is ready for model training.
    If rate > 0.9, we proceed to model training.

    Give response in json with fields:
    - data_planner_request: str with commands for data_worker
    - satisfy_rate: float
    
2026-03-28 21:42:05,525 - INFO - AnalyticRESPONSE: ```json
{
  "data_planner_request": "Please perform the following steps:\n1. Load train.csv and test.csv into pandas DataFrames.\n2. Check the data types of all columns in both datasets to ensure consistency.\n3. Identify any discrepancies in data types between the two datasets and correct them.\n4. Check for missing values in both datasets and handle them appropriately (e.g., imputation or removal).\n5. Ensure that the 'target' column in train.csv is correctly labeled and contains valid numerical values.\n6. Normalize or standardize numerical features if necessary.\n7. Encode categorical variables using one-hot encoding or label encoding as appropriate.\n8. Split the training data into training and validation sets for model evaluation.",
  "satisfy_rate": 0.5
}
```
2026-03-28 21:42:05,525 - INFO - Parsed satisfy_rate: 0.5, done: False
2026-03-28 21:42:05,525 - INFO - [Wrapper] Running coder with task:

    Work with files in the session directory: sessions/session_20260328_213856

    Available files: ['train.csv', 'test.csv']

    Task: Please perform the following steps:
1. Load train.csv and test.csv into pandas DataFrames.
2. Check the data types of all columns in both datasets to ensure consistency.
3. Identify any discrepancies in data types between the two datasets and correct them.
4. Check for missing values in both datasets and handle them appropriately (e.g., imputation or removal).
5. Ensure that the 'target' column in train.csv is correctly labeled and contains valid numerical values.
6. Normalize or standardize numerical features if necessary.
7. Encode categorical variables using one-hot encoding or label encoding as appropriate.
8. Split the training data into training and validation sets for model evaluation.

    Instructions:
    1. Load data from the session directory files (train.csv, test.csv)
    2. Perform required transformations
    3. Save the processed data back to the same files (overwrite)
    4. You can create additional files if needed (they will be saved in the session directory)

    Important:
    - All file operations should use paths relative to the session directory
    - The session directory is: sessions/session_20260328_213856
    - You can use: pd.read_csv('train.csv') - it will work from the session directory
    - After processing, save back using: df.to_csv('train.csv', index=False)

    The system will automatically use the updated files for the next steps.
    
2026-03-28 21:42:30,697 - INFO - Coder Request: 
    Write Python code for the following task:

    Work with files in the session directory: sessions/session_20260328_213856

    Available files: ['train.csv', 'test.csv']

    Task: Please perform the following steps:
1. Load train.csv and test.csv into pandas DataFrames.
2. Check the data types of all columns in both datasets to ensure consistency.
3. Identify any discrepancies in data types between the two datasets and correct them.
4. Check for missing values in both datasets and handle them appropriately (e.g., imputation or removal).
5. Ensure that the 'target' column in train.csv is correctly labeled and contains valid numerical values.
6. Normalize or standardize numerical features if necessary.
7. Encode categorical variables using one-hot encoding or label encoding as appropriate.
8. Split the training data into training and validation sets for model evaluation.

    Instructions:
    1. Load data from the session directory files (train.csv, test.csv)
    2. Perform required transformations
    3. Save the processed data back to the same files (overwrite)
    4. You can create additional files if needed (they will be saved in the session directory)

    Important:
    - All file operations should use paths relative to the session directory
    - The session directory is: sessions/session_20260328_213856
    - You can use: pd.read_csv('train.csv') - it will work from the session directory
    - After processing, save back using: df.to_csv('train.csv', index=False)

    The system will automatically use the updated files for the next steps.
    
Important: When generating code, ensure:
    - Use proper spacing: "import pandas as pd" not "import pandasaspd"
    - Add spaces after commas: "func(arg1, arg2)" not "func(arg1,arg2)"
    - Put each statement on a new line
    - Use proper indentation (4 spaces per level)
    - Ensure the code runs without errors and outputs meaningful results.
    - If using sklearn, use sparse_output=False instead of sparse=False for OneHotEncoder (newer sklearn versions)
    - Use .ravel() when assigning imputed values to avoid dimension issues
    - Don't use matplotlib or seaborn for visualizations
    
    1. Memory efficiency is KEY - work with large datasets (36k rows, 15 columns)
    2. DO NOT create explosion of features - avoid OneHotEncoder on high-cardinality columns
    3. For columns with > 50 unique values, use:
       - Label Encoding, or
       - Frequency encoding, or
       - Keep as-is (if meaningful for model like text)
    4. Always print shapes and memory usage after operations
    5. Handle missing values simply:
       - Numerical: fill with median/mean
       - Categorical: fill with "Unknown" or mode
    6. For datetime: extract useful features (year, month, day, dayofweek)
    7. Use StandardScaler for numerical features
    8. Save processed files with .to_csv(index=False)
    9. Print progress messages
    10. **TEST DATA DOES NOT HAVE 'target' COLUMN** - This is the most important rule!
       - Always exclude 'target' from numerical_cols when processing test data
       - Use: numerical_cols_train = [c for c in numerical_cols if c != 'target']
       - For test: use the same columns as train WITHOUT 'target'
    REMEMBER - in test.csv not 'target'
    Output only the code, no explanations.
    
2026-03-28 21:42:30,697 - INFO - Coder Response: import pandas as pd
from sklearn.model_selection import train_test_split
from sklearn.preprocessing import StandardScaler, OneHotEncoder, LabelEncoder
from sklearn.impute import SimpleImputer

# Load data
train_df = pd.read_csv('train.csv')
test_df = pd.read_csv('test.csv')

# Check data types
print("Train DataFrame dtypes:")
print(train_df.dtypes)
print("\nTest DataFrame dtypes:")
print(test_df.dtypes)

# Identify and correct discrepancies in data types
for col in train_df.columns:
    if col in test_df.columns:
        if train_df[col].dtype != test_df[col].dtype:
            print(f"Data type mismatch for column {col}: Train is {train_df[col].dtype}, Test is {test_df[col].dtype}")
            # Convert to the same data type
            dtype = train_df[col].dtype if train_df[col].dtype == 'float64' else test_df[col].dtype
            train_df[col] = train_df[col].astype(dtype)
            test_df[col] = test_df[col].astype(dtype)

# Check for missing values and handle them
def handle_missing_values(df):
    numerical_cols = df.select_dtypes(include=['number']).columns
    categorical_cols = df.select_dtypes(include=['object', 'category']).columns
    
    # Impute numerical columns with median
    num_imputer = SimpleImputer(strategy='median')
    df[numerical_cols] = num_imputer.fit_transform(df[numerical_cols])
    
    # Impute categorical columns with mode
    cat_imputer = SimpleImputer(strategy='most_frequent')
    df[categorical_cols] = cat_imputer.fit_transform(df[categorical_cols])
    
    return df

train_df = handle_missing_values(train_df)
test_df = handle_missing_values(test_df)

# Ensure 'target' column in train.csv is correctly labeled
if 'target' in train_df.columns:
    train_df['target'] = pd.to_numeric(train_df['target'], errors='coerce')
    train_df.dropna(subset=['target'], inplace=True)

# Normalize or standardize numerical features
numerical_cols_train = [c for c in train_df.select_dtypes(include=['number']).columns if c != 'target']
scaler = StandardScaler()
train_df[numerical_cols_train] = scaler.fit_transform(train_df[numerical_cols_train])
test_df[numerical_cols_train] = scaler.transform(test_df[numerical_cols_train])

# Encode categorical variables
def encode_categorical(df):
    categorical_cols = df.select_dtypes(include=['object', 'category']).columns
    for col in categorical_cols:
        if df[col].nunique() > 50:
            # Use label encoding for high-cardinality columns
            le = LabelEncoder()
            df[col] = le.fit_transform(df[col])
        else:
            # Use one-hot encoding for low-cardinality columns
            ohe = OneHotEncoder(sparse_output=False)
            encoded_cols = ohe.fit_transform(df[[col]])
            encoded_df = pd.DataFrame(encoded_cols, columns=ohe.get_feature_names_out([col]))
            df = pd.concat([df.drop(columns=[col]), encoded_df], axis=1)
    return df

train_df = encode_categorical(train_df)
test_df = encode_categorical(test_df)

# Split the training data into training and validation sets
X_train, X_val, y_train, y_val = train_test_split(train_df.drop(columns=['target']), train_df['target'], test_size=0.2, random_state=42)

# Save processed data back to the same files
train_df.to_csv('train.csv', index=False)
test_df.to_csv('test.csv', index=False)

# Print shapes and memory usage after operations
print("\nTrain DataFrame shape:", train_df.shape)
print("Train DataFrame memory usage:", train_df.memory_usage(deep=True).sum() / 1024**2, "MB")
print("\nTest DataFrame shape:", test_df.shape)
print("Test DataFrame memory usage:", test_df.memory_usage(deep=True).sum() / 1024**2, "MB")

# Print progress messages
print("\nData processing complete.")
2026-03-28 21:42:31,991 - INFO - Code executed successfully! Results saved to execution_results/_    Work with files in the session directory_ ses
2026-03-28 21:42:31,992 - INFO - [Wrapper] Coder finished.
2026-03-28 21:42:31,992 - INFO - [Wrapper] Response: Current working directory: /home/progifrogi/PycharmProjects/Agentic-Modeling-Operational-Engineering-Beta-Application/sessions/session_20260328_213856
Files in current directory: ['execution_results', 'train.csv', 'test.csv']
Train DataFrame dtypes:
name                 object
_id                   int64
host_name            object
location_cluster     object
location             object
lat                 float64
lon                 float64
type_house           object
sum                   int6...
2026-03-28 21:42:37,217 - INFO - AnalyticREQUEST: 
    You are a professional data analyst working with files in the session directory.

    Current session directory: sessions/session_20260328_213856
    Files available: ['train.csv', 'test.csv']

    Current dataset state:
    Train data: 36671 rows, 21 columns
    Test data: 12224 rows, 20 columns

    Dataset description from author: 
    Dataset Description
# Files
train.csv - the training set
test.csv - the test set
sample_submission.csv - a sample submission file in the correct format
# Columns
name: название объекта
_id: уникальный идентификатор
host_name: имя владельца или хоста, который предоставляет жилье
location_cluster: кластеризация местоположений (например, группировка объектов по районам или зонам).
location: описание местоположения объекта
lat, lon: широта и долгота местоположения объекта.
type_house: тип жилья
sum: общая стоимость аренды или сумма за определенный период.
min_days: минимальное количество дней для бронирования объекта.
amt_reviews: количество отзывов, оставленных для данного объекта.
last_dt: дата последнего отзыва или последнего бронирования.
avg_reviews: средний рейтинг или среднее количество отзывов за определенный период.
total_host: общее количество объектов, принадлежащих одному хосту
target: целевая переменная

# Overview
Соревнование в рамках курса от МТС. Задача: предсказание дней занятости (или простоя) аренды недвижимости.

# Description
Соревнование по задаче регрессии

# Evaluation
Оценка по метрике MSE

    Previous attempts:
    DataAnalytic Request: Perform EDA and prepare data for modeling
DataWorker Response: Error: Traceback (most recent call last):
  File "/tmp/tmp_q8dicss.py", line 44, in <module>
    raise ValueError("Data types are inconsistent between train and test datasets.")
ValueError: Data types are inconsistent between train and test datasets.
DataAnalytic Request: Please check the following:
1. Verify that all columns have consistent data types.
2. Check for missing values in both train.csv and test.csv.
3. Ensure that the 'target' column in train.csv is correctly labeled and contains valid numerical values.
4. Normalize or standardize numerical features if necessary.
5. Encode categorical variables appropriately (e.g., one-hot encoding).
6. Split the training data into training and validation sets for model evaluation.
DataWorker Response: Error: Traceback (most recent call last):
  File "/home/progifrogi/PycharmProjects/Agentic-Modeling-Operational-Engineering-Beta-Application/.venv/lib/python3.11/site-packages/sklearn/utils/_encode.py", line 229, in _encode
    return _map_to_integer(values, uniques)
           ^^^^^^^^^^^^^^^^^^^^^^^^^^^^^^^^
  File "/home/progifrogi/PycharmProjects/Agentic-Modeling-Operational-Engineering-Beta-Application/.venv/lib/python3.11/site-packages/sklearn/utils/_encode.py", line 168, in _map_to_integer
    return xp.asarray([table[v] for v in values], device=device(values))
                      ^^^^^^^^^^^^^^^^^^^^^^^^^^
  File "/home/progifrogi/PycharmProjects/Agentic-Modeling-Operational-Engineering-Beta-Application/.venv/lib/python3.11/site-packages/sklearn/utils/_encode.py", line 168, in <listcomp>
    return xp.asarray([table[v] for v in values], device=device(values))
                       ~~~~~^^^
  File "/home/progifrogi/PycharmProjects/Agentic-Modeling-Operational-Engineering-Beta-Application/.venv/lib/python3.11/site-packages/sklearn/utils/_encode.py", line 161, in __missing__
    raise KeyError(key)
KeyError: 'Unknown'

During handling of the above exception, another exception occurred:

Traceback (most recent call last):
  File "/tmp/tmp11l_n02r.py", line 67, in <module>
    test_df[col] = le.transform(test_df[col])
                   ^^^^^^^^^^^^^^^^^^^^^^^^^^
  File "/home/progifrogi/PycharmProjects/Agentic-Modeling-Operational-Engineering-Beta-Application/.venv/lib/python3.11/site-packages/sklearn/preprocessing/_label.py", line 144, in transform
    return _encode(y, uniques=self.classes_)
           ^^^^^^^^^^^^^^^^^^^^^^^^^^^^^^^^^
  File "/home/progifrogi/PycharmProjects/Agentic-Modeling-Operational-Engineering-Beta-Application/.venv/lib/python3.11/site-packages/sklearn/utils/_encode.py", line 231, in _encode
    raise ValueError(f"y contains previously unseen labels: {e}")
ValueError: y contains previously unseen labels: 'Unknown'
DataAnalytic Request: Check the data types of all columns in both train.csv and test.csv. Identify any discrepancies and ensure consistency between the two datasets.
DataWorker Response: Error: Traceback (most recent call last):
  File "/tmp/tmp8kodj216.py", line 58, in <module>
    test_df[numerical_cols] = numerical_imputer.transform(test_df[numerical_cols])
                                                          ~~~~~~~^^^^^^^^^^^^^^^^
  File "/home/progifrogi/PycharmProjects/Agentic-Modeling-Operational-Engineering-Beta-Application/.venv/lib/python3.11/site-packages/pandas/core/frame.py", line 4119, in __getitem__
    indexer = self.columns._get_indexer_strict(key, "columns")[1]
              ^^^^^^^^^^^^^^^^^^^^^^^^^^^^^^^^^^^^^^^^^^^^^^^^
  File "/home/progifrogi/PycharmProjects/Agentic-Modeling-Operational-Engineering-Beta-Application/.venv/lib/python3.11/site-packages/pandas/core/indexes/base.py", line 6212, in _get_indexer_strict
    self._raise_if_missing(keyarr, indexer, axis_name)
  File "/home/progifrogi/PycharmProjects/Agentic-Modeling-Operational-Engineering-Beta-Application/.venv/lib/python3.11/site-packages/pandas/core/indexes/base.py", line 6264, in _raise_if_missing
    raise KeyError(f"{not_found} not in index")
KeyError: "['target'] not in index"
DataAnalytic Request: Please perform the following steps:
1. Verify that all columns have consistent data types.
2. Check for missing values in both train.csv and test.csv.
3. Ensure that the 'target' column in train.csv is correctly labeled and contains valid numerical values.
4. Normalize or standardize numerical features if necessary.
5. Encode categorical variables appropriately (e.g., one-hot encoding).
6. Split the training data into training and validation sets for model evaluation.
DataWorker Response: Current working directory: /home/progifrogi/PycharmProjects/Agentic-Modeling-Operational-Engineering-Beta-Application/sessions/session_20260328_213856
Files in current directory: ['execution_results', 'train.csv', 'test.csv']
Train DataFrame dtypes:
name                 object
_id                   int64
host_name            object
location_cluster     object
location             object
lat                 float64
lon                 float64
type_house           object
sum                   int64
min_days              int64
amt_reviews           int64
last_dt              object
avg_reviews         float64
total_host            int64
target                int64
dtype: object

Test DataFrame dtypes:
name                 object
_id                   int64
host_name            object
location_cluster     object
location             object
lat                 float64
lon                 float64
type_house           object
sum                   int64
min_days              int64
amt_reviews           int64
last_dt              object
avg_reviews         float64
total_host            int64
dtype: object

Train DataFrame shape: (36671, 21)
Train DataFrame memory usage: 5.875453948974609 MB

Test DataFrame shape: (12224, 20)
Test DataFrame memory usage: 1.8653602600097656 MB

Data processing complete.


    Task: Perform EDA and prepare data for modeling

    IMPORTANT:
    - All your operations should work with files in the session directory
    - You can modify train.csv and test.csv directly
    - The files will be automatically saved after each operation

    Rate your confidence (0-1) that the data is ready for model training.
    If rate > 0.9, we proceed to model training.

    Give response in json with fields:
    - data_planner_request: str with commands for data_worker
    - satisfy_rate: float
    
2026-03-28 21:42:37,217 - INFO - AnalyticRESPONSE: ```json
{
  "data_planner_request": "Please perform the following steps:\n1. Verify that all columns have consistent data types.\n2. Check for missing values in both train.csv and test.csv.\n3. Ensure that the 'target' column in train.csv is correctly labeled and contains valid numerical values.\n4. Normalize or standardize numerical features if necessary.\n5. Encode categorical variables appropriately (e.g., one-hot encoding).\n6. Split the training data into training and validation sets for model evaluation.",
  "satisfy_rate": 0.8
}
```
2026-03-28 21:42:37,217 - INFO - Parsed satisfy_rate: 0.8, done: False
2026-03-28 21:42:37,218 - INFO - [Wrapper] Running coder with task:

    Work with files in the session directory: sessions/session_20260328_213856

    Available files: ['train.csv', 'test.csv']

    Task: Please perform the following steps:
1. Verify that all columns have consistent data types.
2. Check for missing values in both train.csv and test.csv.
3. Ensure that the 'target' column in train.csv is correctly labeled and contains valid numerical values.
4. Normalize or standardize numerical features if necessary.
5. Encode categorical variables appropriately (e.g., one-hot encoding).
6. Split the training data into training and validation sets for model evaluation.

    Instructions:
    1. Load data from the session directory files (train.csv, test.csv)
    2. Perform required transformations
    3. Save the processed data back to the same files (overwrite)
    4. You can create additional files if needed (they will be saved in the session directory)

    Important:
    - All file operations should use paths relative to the session directory
    - The session directory is: sessions/session_20260328_213856
    - You can use: pd.read_csv('train.csv') - it will work from the session directory
    - After processing, save back using: df.to_csv('train.csv', index=False)

    The system will automatically use the updated files for the next steps.
    
2026-03-28 21:42:58,286 - INFO - Coder Request: 
    Write Python code for the following task:

    Work with files in the session directory: sessions/session_20260328_213856

    Available files: ['train.csv', 'test.csv']

    Task: Please perform the following steps:
1. Verify that all columns have consistent data types.
2. Check for missing values in both train.csv and test.csv.
3. Ensure that the 'target' column in train.csv is correctly labeled and contains valid numerical values.
4. Normalize or standardize numerical features if necessary.
5. Encode categorical variables appropriately (e.g., one-hot encoding).
6. Split the training data into training and validation sets for model evaluation.

    Instructions:
    1. Load data from the session directory files (train.csv, test.csv)
    2. Perform required transformations
    3. Save the processed data back to the same files (overwrite)
    4. You can create additional files if needed (they will be saved in the session directory)

    Important:
    - All file operations should use paths relative to the session directory
    - The session directory is: sessions/session_20260328_213856
    - You can use: pd.read_csv('train.csv') - it will work from the session directory
    - After processing, save back using: df.to_csv('train.csv', index=False)

    The system will automatically use the updated files for the next steps.
    
Important: When generating code, ensure:
    - Use proper spacing: "import pandas as pd" not "import pandasaspd"
    - Add spaces after commas: "func(arg1, arg2)" not "func(arg1,arg2)"
    - Put each statement on a new line
    - Use proper indentation (4 spaces per level)
    - Ensure the code runs without errors and outputs meaningful results.
    - If using sklearn, use sparse_output=False instead of sparse=False for OneHotEncoder (newer sklearn versions)
    - Use .ravel() when assigning imputed values to avoid dimension issues
    - Don't use matplotlib or seaborn for visualizations
    
    1. Memory efficiency is KEY - work with large datasets (36k rows, 15 columns)
    2. DO NOT create explosion of features - avoid OneHotEncoder on high-cardinality columns
    3. For columns with > 50 unique values, use:
       - Label Encoding, or
       - Frequency encoding, or
       - Keep as-is (if meaningful for model like text)
    4. Always print shapes and memory usage after operations
    5. Handle missing values simply:
       - Numerical: fill with median/mean
       - Categorical: fill with "Unknown" or mode
    6. For datetime: extract useful features (year, month, day, dayofweek)
    7. Use StandardScaler for numerical features
    8. Save processed files with .to_csv(index=False)
    9. Print progress messages
    10. **TEST DATA DOES NOT HAVE 'target' COLUMN** - This is the most important rule!
       - Always exclude 'target' from numerical_cols when processing test data
       - Use: numerical_cols_train = [c for c in numerical_cols if c != 'target']
       - For test: use the same columns as train WITHOUT 'target'
    REMEMBER - in test.csv not 'target'
    Output only the code, no explanations.
    
2026-03-28 21:42:58,286 - INFO - Coder Response: import pandas as pd
from sklearn.model_selection import train_test_split
from sklearn.preprocessing import StandardScaler, OneHotEncoder, LabelEncoder
from sklearn.impute import SimpleImputer
from sklearn.compose import ColumnTransformer
from sklearn.pipeline import Pipeline

# Load data
train_df = pd.read_csv('train.csv')
test_df = pd.read_csv('test.csv')

# Verify consistent data types
print("Train DataFrame info:")
print(train_df.info())
print("\nTest DataFrame info:")
print(test_df.info())

# Check for missing values
print("\nMissing values in train.csv:")
print(train_df.isnull().sum())
print("\nMissing values in test.csv:")
print(test_df.isnull().sum())

# Ensure 'target' column is correctly labeled and contains valid numerical values
if not pd.api.types.is_numeric_dtype(train_df['target']):
    raise ValueError("Target column must contain numeric values")

# Identify numerical and categorical columns
numerical_cols = train_df.select_dtypes(include=['int64', 'float64']).columns.tolist()
categorical_cols = train_df.select_dtypes(include=['object', 'category']).columns.tolist()

# Handle missing values
numerical_imputer = SimpleImputer(strategy='median')
categorical_imputer = SimpleImputer(strategy='most_frequent')

# Encode categorical variables
high_cardinality_threshold = 50

for col in categorical_cols:
    if train_df[col].nunique() > high_cardinality_threshold:
        # Use Label Encoding for high-cardinality columns
        le = LabelEncoder()
        train_df[col] = le.fit_transform(train_df[col])
        test_df[col] = le.transform(test_df[col])
    else:
        # Use OneHotEncoding for low-cardinality columns
        ohe = OneHotEncoder(sparse_output=False)
        train_encoded = ohe.fit_transform(train_df[[col]])
        test_encoded = ohe.transform(test_df[[col]])
        
        # Create new DataFrame with encoded features
        train_encoded_df = pd.DataFrame(train_encoded, columns=ohe.get_feature_names_out([col]))
        test_encoded_df = pd.DataFrame(test_encoded, columns=ohe.get_feature_names_out([col]))
        
        # Drop original column and concatenate encoded features
        train_df = pd.concat([train_df.drop(columns=[col]), train_encoded_df], axis=1)
        test_df = pd.concat([test_df.drop(columns=[col]), test_encoded_df], axis=1)

# Normalize numerical features
scaler = StandardScaler()
numerical_cols_train = [c for c in numerical_cols if c != 'target']
train_df[numerical_cols_train] = scaler.fit_transform(train_df[numerical_cols_train])
test_df[numerical_cols_train] = scaler.transform(test_df[numerical_cols_train])

# Split the training data into training and validation sets
X_train, X_val, y_train, y_val = train_test_split(train_df.drop(columns=['target']), train_df['target'], test_size=0.2, random_state=42)

# Save processed data back to the same files (overwrite)
train_df.to_csv('train.csv', index=False)
test_df.to_csv('test.csv', index=False)

# Print shapes and memory usage after operations
print("\nTrain DataFrame shape:", train_df.shape)
print("Train DataFrame memory usage:")
print(train_df.memory_usage(deep=True))
print("\nTest DataFrame shape:", test_df.shape)
print("Test DataFrame memory usage:")
print(test_df.memory_usage(deep=True))

print("\nTraining set shape:", X_train.shape, y_train.shape)
print("Validation set shape:", X_val.shape, y_val.shape)

print("\nProcessing complete.")
2026-03-28 21:42:59,827 - INFO - Code executed successfully! Results saved to execution_results/_    Work with files in the session directory_ ses
2026-03-28 21:42:59,828 - INFO - [Wrapper] Coder finished.
2026-03-28 21:42:59,828 - INFO - [Wrapper] Response: Current working directory: /home/progifrogi/PycharmProjects/Agentic-Modeling-Operational-Engineering-Beta-Application/sessions/session_20260328_213856
Files in current directory: ['execution_results', 'train.csv', 'test.csv']
Train DataFrame info:
<class 'pandas.core.frame.DataFrame'>
RangeIndex: 36671 entries, 0 to 36670
Data columns (total 21 columns):
 #   Column                          Non-Null Count  Dtype  
---  ------                          --------------  -----  
 0   name            ...
2026-03-28 21:42:59,828 - INFO - [Wrapper] Running coder with task:

    Work with files in the session directory: sessions/session_20260328_213856

    Available files: ['train.csv', 'test.csv']

    Task: Please perform the following steps:
1. Verify that all columns have consistent data types.
2. Check for missing values in both train.csv and test.csv.
3. Ensure that the 'target' column in train.csv is correctly labeled and contains valid numerical values.
4. Normalize or standardize numerical features if necessary.
5. Encode categorical variables appropriately (e.g., one-hot encoding).
6. Split the training data into training and validation sets for model evaluation.

    Instructions:
    1. Load data from the session directory files (train.csv, test.csv)
    2. Perform required transformations
    3. Save the processed data back to the same files (overwrite)
    4. You can create additional files if needed (they will be saved in the session directory)

    Important:
    - All file operations should use paths relative to the session directory
    - The session directory is: sessions/session_20260328_213856
    - You can use: pd.read_csv('train.csv') - it will work from the session directory
    - After processing, save back using: df.to_csv('train.csv', index=False)

    The system will automatically use the updated files for the next steps.
    
2026-03-28 21:43:20,107 - INFO - Coder Request: 
    Write Python code for the following task:

    Work with files in the session directory: sessions/session_20260328_213856

    Available files: ['train.csv', 'test.csv']

    Task: Please perform the following steps:
1. Verify that all columns have consistent data types.
2. Check for missing values in both train.csv and test.csv.
3. Ensure that the 'target' column in train.csv is correctly labeled and contains valid numerical values.
4. Normalize or standardize numerical features if necessary.
5. Encode categorical variables appropriately (e.g., one-hot encoding).
6. Split the training data into training and validation sets for model evaluation.

    Instructions:
    1. Load data from the session directory files (train.csv, test.csv)
    2. Perform required transformations
    3. Save the processed data back to the same files (overwrite)
    4. You can create additional files if needed (they will be saved in the session directory)

    Important:
    - All file operations should use paths relative to the session directory
    - The session directory is: sessions/session_20260328_213856
    - You can use: pd.read_csv('train.csv') - it will work from the session directory
    - After processing, save back using: df.to_csv('train.csv', index=False)

    The system will automatically use the updated files for the next steps.
    
Important: When generating code, ensure:
    - Use proper spacing: "import pandas as pd" not "import pandasaspd"
    - Add spaces after commas: "func(arg1, arg2)" not "func(arg1,arg2)"
    - Put each statement on a new line
    - Use proper indentation (4 spaces per level)
    - Ensure the code runs without errors and outputs meaningful results.
    - If using sklearn, use sparse_output=False instead of sparse=False for OneHotEncoder (newer sklearn versions)
    - Use .ravel() when assigning imputed values to avoid dimension issues
    - Don't use matplotlib or seaborn for visualizations
    
    1. Memory efficiency is KEY - work with large datasets (36k rows, 15 columns)
    2. DO NOT create explosion of features - avoid OneHotEncoder on high-cardinality columns
    3. For columns with > 50 unique values, use:
       - Label Encoding, or
       - Frequency encoding, or
       - Keep as-is (if meaningful for model like text)
    4. Always print shapes and memory usage after operations
    5. Handle missing values simply:
       - Numerical: fill with median/mean
       - Categorical: fill with "Unknown" or mode
    6. For datetime: extract useful features (year, month, day, dayofweek)
    7. Use StandardScaler for numerical features
    8. Save processed files with .to_csv(index=False)
    9. Print progress messages
    10. **TEST DATA DOES NOT HAVE 'target' COLUMN** - This is the most important rule!
       - Always exclude 'target' from numerical_cols when processing test data
       - Use: numerical_cols_train = [c for c in numerical_cols if c != 'target']
       - For test: use the same columns as train WITHOUT 'target'
    REMEMBER - in test.csv not 'target'
    Output only the code, no explanations.
    
2026-03-28 21:43:20,107 - INFO - Coder Response: import pandas as pd
from sklearn.model_selection import train_test_split
from sklearn.preprocessing import StandardScaler, OneHotEncoder, LabelEncoder
from sklearn.impute import SimpleImputer
from sklearn.compose import ColumnTransformer
from sklearn.pipeline import Pipeline

# Load data
train_df = pd.read_csv('train.csv')
test_df = pd.read_csv('test.csv')

# Verify consistent data types
print("Train DataFrame info:")
print(train_df.info())
print("\nTest DataFrame info:")
print(test_df.info())

# Check for missing values
print("\nMissing values in train.csv:")
print(train_df.isnull().sum())
print("\nMissing values in test.csv:")
print(test_df.isnull().sum())

# Ensure 'target' column is correctly labeled and contains valid numerical values
if not pd.api.types.is_numeric_dtype(train_df['target']):
    raise ValueError("The 'target' column in train.csv must contain valid numerical values.")

# Identify numerical and categorical columns
numerical_cols = [c for c in train_df.columns if pd.api.types.is_numeric_dtype(train_df[c]) and c != 'target']
categorical_cols = [c for c in train_df.columns if train_df[c].dtype == 'object']

# Handle missing values
numerical_imputer = SimpleImputer(strategy='median')
categorical_imputer = SimpleImputer(strategy='most_frequent')

# Encode categorical variables
high_cardinality_threshold = 50

for col in categorical_cols:
    if len(train_df[col].unique()) > high_cardinality_threshold:
        # Use Label Encoding for high-cardinality columns
        le = LabelEncoder()
        train_df[col] = le.fit_transform(train_df[col])
        test_df[col] = le.transform(test_df[col])
    else:
        # Use OneHotEncoding for low-cardinality columns
        ohe = OneHotEncoder(sparse_output=False)
        train_encoded = ohe.fit_transform(train_df[[col]])
        test_encoded = ohe.transform(test_df[[col]])
        
        # Create new DataFrame with encoded features
        train_encoded_df = pd.DataFrame(train_encoded, columns=ohe.get_feature_names_out([col]))
        test_encoded_df = pd.DataFrame(test_encoded, columns=ohe.get_feature_names_out([col]))
        
        # Drop original column and concatenate encoded features
        train_df = pd.concat([train_df.drop(columns=[col]), train_encoded_df], axis=1)
        test_df = pd.concat([test_df.drop(columns=[col]), test_encoded_df], axis=1)

# Normalize numerical features
scaler = StandardScaler()
train_df[numerical_cols] = scaler.fit_transform(train_df[numerical_cols])
test_df[numerical_cols] = scaler.transform(test_df[numerical_cols])

# Split the training data into training and validation sets
X_train, X_val, y_train, y_val = train_test_split(train_df.drop(columns=['target']), train_df['target'], test_size=0.2, random_state=42)

# Save processed data back to the same files (overwrite)
train_df.to_csv('train.csv', index=False)
test_df.to_csv('test.csv', index=False)

# Print shapes and memory usage after operations
print("\nTrain DataFrame shape:", train_df.shape)
print("Train DataFrame memory usage:")
print(train_df.memory_usage(deep=True))
print("\nTest DataFrame shape:", test_df.shape)
print("Test DataFrame memory usage:")
print(test_df.memory_usage(deep=True))

print("\nTraining set shape:", X_train.shape, y_train.shape)
print("Validation set shape:", X_val.shape, y_val.shape)

print("\nProcessing complete.")
2026-03-28 21:43:21,679 - INFO - Code executed successfully! Results saved to execution_results/_    Work with files in the session directory_ ses
2026-03-28 21:43:21,679 - INFO - [Wrapper] Coder finished.
2026-03-28 21:43:21,679 - INFO - [Wrapper] Response: Current working directory: /home/progifrogi/PycharmProjects/Agentic-Modeling-Operational-Engineering-Beta-Application/sessions/session_20260328_213856
Files in current directory: ['execution_results', 'train.csv', 'test.csv']
Train DataFrame info:
<class 'pandas.core.frame.DataFrame'>
RangeIndex: 36671 entries, 0 to 36670
Data columns (total 21 columns):
 #   Column                          Non-Null Count  Dtype  
---  ------                          --------------  -----  
 0   name            ...
