2026-03-28 23:38:34,671 - INFO - Downloading competition data: mws-ai-agents-2026
2026-03-28 23:38:37,349 - INFO - Competition analysis: {'problem_type': 'unknown', 'metric': 'unknown', 'target_column': 'unknown', 'key_challenges': ['lack of information', 'no description provided'], 'recommended_approach': 'wait for more details about the competition, including problem type and evaluation metric', 'baseline_score': 0.0, 'target_score': 0.0}
2026-03-28 23:38:37,350 - INFO - Starting data processing phase...
2026-03-28 23:38:37,427 - INFO - AnalyticREQUEST: 
    You are a professional data analyst working with files in the session directory.

    Current session directory: sessions/session_20260328_233834
    Files available: ['train.csv', 'sample_submition.csv', 'competition_info.json', 'test.csv', 'solution.csv']

    Dataset info:
    Train data: 36671 rows, 15 columns
    Test data: 12224 rows, 14 columns

    Dataset description from author: 
    Dataset Description
# Files
train.csv - the training set
test.csv - the test set
sample_submission.csv - a sample submission file in the correct format
# Columns
name: название объекта
_id: уникальный идентификатор
host_name: имя владельца или хоста, который предоставляет жилье
location_cluster: кластеризация местоположений (например, группировка объектов по районам или зонам).
location: описание местоположения объекта
lat, lon: широта и долгота местоположения объекта.
type_house: тип жилья
sum: общая стоимость аренды или сумма за определенный период.
min_days: минимальное количество дней для бронирования объекта.
amt_reviews: количество отзывов, оставленных для данного объекта.
last_dt: дата последнего отзыва или последнего бронирования.
avg_reviews: средний рейтинг или среднее количество отзывов за определенный период.
total_host: общее количество объектов, принадлежащих одному хосту
target: целевая переменная

# Overview
Соревнование в рамках курса от МТС. Задача: предсказание дней занятости (или простоя) аренды недвижимости.

# Description
Соревнование по задаче регрессии

# Evaluation
Оценка по метрике MSE

    History:
    It's your first try

    IMPORTANT:
    - All your operations should work with files in the session directory
    - You can modify train.csv and test.csv directly
    - The files will be automatically saved after each operation
    - Use the session directory for all file operations
    - The data worker will execute code in the session directory

    Rate your confidence (0-1) that the data is ready for model training.
    If rate > 0.9, we proceed to model training.

    Give response in json with fields:
    - data_planner_request: str with commands for data_worker
    - satisfy_rate: float
    
2026-03-28 23:38:39,212 - INFO - AnalyticRESPONSE: ```json
{
  "data_planner_request": "Check the distribution of target variable and handle any missing values or outliers. Also, perform exploratory data analysis to understand the relationships between different features.",
  "satisfy_rate": 0.75
}
```
2026-03-28 23:38:39,212 - INFO - [Wrapper] Running coder with task:

    Work with files in the session directory: sessions/session_20260328_233834

    Available files: ['train.csv', 'sample_submition.csv', 'competition_info.json', 'test.csv', 'solution.csv']

    Task: Check the distribution of target variable and handle any missing values or outliers. Also, perform exploratory data analysis to understand the relationships between different features.

    Instructions:
    1. Load data from the session directory files (train.csv, test.csv)
    2. Perform required transformations
    3. Save the processed data back to the same files (overwrite)
    4. You can create additional files if needed (they will be saved in the session directory)

    Important:
    - All file operations should use paths relative to the session directory
    - The session directory is: sessions/session_20260328_233834
    - You can use: pd.read_csv('train.csv') - it will work from the session directory
    - After processing, save back using: df.to_csv('train.csv', index=False)

    The system will automatically use the updated files for the next steps.
    
2026-03-28 23:39:04,739 - INFO - Coder Request: 
    Write Python code for the following task:

    Work with files in the session directory: sessions/session_20260328_233834

    Available files: ['train.csv', 'sample_submition.csv', 'competition_info.json', 'test.csv', 'solution.csv']

    Task: Check the distribution of target variable and handle any missing values or outliers. Also, perform exploratory data analysis to understand the relationships between different features.

    Instructions:
    1. Load data from the session directory files (train.csv, test.csv)
    2. Perform required transformations
    3. Save the processed data back to the same files (overwrite)
    4. You can create additional files if needed (they will be saved in the session directory)

    Important:
    - All file operations should use paths relative to the session directory
    - The session directory is: sessions/session_20260328_233834
    - You can use: pd.read_csv('train.csv') - it will work from the session directory
    - After processing, save back using: df.to_csv('train.csv', index=False)

    The system will automatically use the updated files for the next steps.
    
Important: When generating code, ensure:
    - Use proper spacing: "import pandas as pd" not "import pandasaspd"
    - Add spaces after commas: "func(arg1, arg2)" not "func(arg1,arg2)"
    - Put each statement on a new line
    - Use proper indentation (4 spaces per level)
    - Ensure the code runs without errors and outputs meaningful results.
    - If using sklearn, use sparse_output=False instead of sparse=False for OneHotEncoder (newer sklearn versions)
    - Use .ravel() when assigning imputed values to avoid dimension issues
    - Don't use matplotlib or seaborn for visualizations
    
    1. Memory efficiency is KEY - work with large datasets (36k rows, 15 columns)
    2. DO NOT create explosion of features - avoid OneHotEncoder on high-cardinality columns
    3. For columns with > 50 unique values, use:
       - Label Encoding, or
       - Frequency encoding, or
       - Keep as-is (if meaningful for model like text)
    4. Always print shapes and memory usage after operations
    5. Handle missing values simply:
       - Numerical: fill with median/mean
       - Categorical: fill with "Unknown" or mode
    6. For datetime: extract useful features (year, month, day, dayofweek)
    7. Use StandardScaler for numerical features
    8. Save processed files with .to_csv(index=False)
    9. Print progress messages
    10. **TEST DATA DOES NOT HAVE 'target' COLUMN** - This is the most important rule!
       - Always exclude 'target' from numerical_cols when processing test data
       - Use: numerical_cols_train = [c for c in numerical_cols if c != 'target']
       - For test: use the same columns as train WITHOUT 'target'
    REMEMBER - in test.csv not 'target'
    Output only the code, no explanations.
    
2026-03-28 23:39:04,739 - INFO - Coder Response: import pandas as pd
from sklearn.preprocessing import StandardScaler, LabelEncoder
from sklearn.impute import SimpleImputer

# Load data
train_df = pd.read_csv('train.csv')
test_df = pd.read_csv('test.csv')

# Print initial shapes and memory usage
print("Initial Train Shape:", train_df.shape)
print("Initial Test Shape:", test_df.shape)
print("Train Memory Usage:\n", train_df.memory_usage(deep=True))
print("Test Memory Usage:\n", test_df.memory_usage(deep=True))

# Identify target variable and features
target_col = 'target'
features_cols = [col for col in train_df.columns if col != target_col]

# Separate numerical and categorical columns
numerical_cols_train = [c for c in train_df.select_dtypes(include=['number']).columns if c != target_col]
categorical_cols_train = [c for c in train_df.select_dtypes(exclude=['number']).columns if c != target_col]

numerical_cols_test = [c for c in test_df.select_dtypes(include=['number']).columns]
categorical_cols_test = [c for c in test_df.select_dtypes(exclude=['number']).columns]

# Handle missing values
# Numerical columns
imputer_num_train = SimpleImputer(strategy='median')
train_df[numerical_cols_train] = imputer_num_train.fit_transform(train_df[numerical_cols_train])

imputer_num_test = SimpleImputer(strategy='median')
test_df[numerical_cols_test] = imputer_num_test.fit_transform(test_df[numerical_cols_test])

# Categorical columns
imputer_cat_train = SimpleImputer(strategy='most_frequent', fill_value='Unknown')
train_df[categorical_cols_train] = imputer_cat_train.fit_transform(train_df[categorical_cols_train])

imputer_cat_test = SimpleImputer(strategy='most_frequent', fill_value='Unknown')
test_df[categorical_cols_test] = imputer_cat_test.fit_transform(test_df[categorical_cols_test])

# Print shapes and memory usage after handling missing values
print("Train Shape after Missing Value Handling:", train_df.shape)
print("Test Shape after Missing Value Handling:", test_df.shape)
print("Train Memory Usage after Missing Value Handling:\n", train_df.memory_usage(deep=True))
print("Test Memory Usage after Missing Value Handling:\n", test_df.memory_usage(deep=True))

# Handle outliers
# For simplicity, we will cap the values at 1.5*IQR for numerical columns
Q1 = train_df[numerical_cols_train].quantile(0.25)
Q3 = train_df[numerical_cols_train].quantile(0.75)
IQR = Q3 - Q1

train_df[numerical_cols_train] = train_df[numerical_cols_train].clip(lower=Q1 - 1.5*IQR, upper=Q3 + 1.5*IQR)

# Print shapes and memory usage after handling outliers
print("Train Shape after Outlier Handling:", train_df.shape)
print("Test Shape after Outlier Handling:", test_df.shape)
print("Train Memory Usage after Outlier Handling:\n", train_df.memory_usage(deep=True))
print("Test Memory Usage after Outlier Handling:\n", test_df.memory_usage(deep=True))

# Feature engineering for categorical columns
for col in categorical_cols_train:
    if len(train_df[col].unique()) > 50:
        # Use Label Encoding for high-cardinality columns
        le = LabelEncoder()
        train_df[col] = le.fit_transform(train_df[col])
        test_df[col] = le.transform(test_df[col])

# Print shapes and memory usage after feature engineering
print("Train Shape after Feature Engineering:", train_df.shape)
print("Test Shape after Feature Engineering:", test_df.shape)
print("Train Memory Usage after Feature Engineering:\n", train_df.memory_usage(deep=True))
print("Test Memory Usage after Feature Engineering:\n", test_df.memory_usage(deep=True))

# Standardize numerical features
scaler = StandardScaler()
train_df[numerical_cols_train] = scaler.fit_transform(train_df[numerical_cols_train])
test_df[numerical_cols_test] = scaler.transform(test_df[numerical_cols_test])

# Print shapes and memory usage after standardization
print("Train Shape after Standardization:", train_df.shape)
print("Test Shape after Standardization:", test_df.shape)
print("Train Memory Usage after Standardization:\n", train_df.memory_usage(deep=True))
print("Test Memory Usage after Standardization:\n", test_df.memory_usage(deep=True))

# Save processed data back to the same files
train_df.to_csv('train.csv', index=False)
test_df.to_csv('test.csv', index=False)

print("Data processing complete. Files saved.")
2026-03-28 23:39:06,269 - INFO - Code executed unsuccessfully: Traceback (most recent call last):
  File "/tmp/tmp2jedm17q.py", line 74, in <module>
    train_df[numerical_cols_train] = train_df[numerical_cols_train].clip(lower=Q1 - 1.5*IQR, upper=Q3 + 1.5*IQR)
                                     ^^^^^^^^^^^^^^^^^^^^^^^^^^^^^^^^^^^^^^^^^^^^^^^^^^^^^^^^^^^^^^^^^^^^^^^^^^^
  File "/home/progifrogi/PycharmProjects/Agentic-Modeling-Operational-Engineering-Beta-Application/.venv/lib/python3.11/site-packages/pandas/core/generic.py", line 9130, in clip
    result = result._clip_with_one_bound(
             ^^^^^^^^^^^^^^^^^^^^^^^^^^^^
  File "/home/progifrogi/PycharmProjects/Agentic-Modeling-Operational-Engineering-Beta-Application/.venv/lib/python3.11/site-packages/pandas/core/generic.py", line 8909, in _clip_with_one_bound
    return self.where(subset, threshold, axis=axis, inplace=inplace)
           ^^^^^^^^^^^^^^^^^^^^^^^^^^^^^^^^^^^^^^^^^^^^^^^^^^^^^^^^^
  File "/home/progifrogi/PycharmProjects/Agentic-Modeling-Operational-Engineering-Beta-Application/.venv/lib/python3.11/site-packages/pandas/core/generic.py", line 11048, in where
    return self._where(cond, other, inplace, axis, level)
           ^^^^^^^^^^^^^^^^^^^^^^^^^^^^^^^^^^^^^^^^^^^^^^
  File "/home/progifrogi/PycharmProjects/Agentic-Modeling-Operational-Engineering-Beta-Application/.venv/lib/python3.11/site-packages/pandas/core/generic.py", line 10755, in _where
    other = self.align(
            ^^^^^^^^^^^
  File "/home/progifrogi/PycharmProjects/Agentic-Modeling-Operational-Engineering-Beta-Application/.venv/lib/python3.11/site-packages/pandas/core/generic.py", line 10510, in align
    left, _right, join_index = self._align_series(
                               ^^^^^^^^^^^^^^^^^^^
  File "/home/progifrogi/PycharmProjects/Agentic-Modeling-Operational-Engineering-Beta-Application/.venv/lib/python3.11/site-packages/pandas/core/generic.py", line 10616, in _align_series
    raise ValueError("Must specify axis=0 or 1")
ValueError: Must specify axis=0 or 1
2026-03-28 23:39:33,213 - INFO - Coder Request: The following code had an error:
import pandas as pd
from sklearn.preprocessing import StandardScaler, LabelEncoder
from sklearn.impute import SimpleImputer

# Load data
train_df = pd.read_csv('train.csv')
test_df = pd.read_csv('test.csv')

# Print initial shapes and memory usage
print("Initial Train Shape:", train_df.shape)
print("Initial Test Shape:", test_df.shape)
print("Train Memory Usage:\n", train_df.memory_usage(deep=True))
print("Test Memory Usage:\n", test_df.memory_usage(deep=True))

# Identify target variable and features
target_col = 'target'
features_cols = [col for col in train_df.columns if col != target_col]

# Separate numerical and categorical columns
numerical_cols_train = [c for c in train_df.select_dtypes(include=['number']).columns if c != target_col]
categorical_cols_train = [c for c in train_df.select_dtypes(exclude=['number']).columns if c != target_col]

numerical_cols_test = [c for c in test_df.select_dtypes(include=['number']).columns]
categorical_cols_test = [c for c in test_df.select_dtypes(exclude=['number']).columns]

# Handle missing values
# Numerical columns
imputer_num_train = SimpleImputer(strategy='median')
train_df[numerical_cols_train] = imputer_num_train.fit_transform(train_df[numerical_cols_train])

imputer_num_test = SimpleImputer(strategy='median')
test_df[numerical_cols_test] = imputer_num_test.fit_transform(test_df[numerical_cols_test])

# Categorical columns
imputer_cat_train = SimpleImputer(strategy='most_frequent', fill_value='Unknown')
train_df[categorical_cols_train] = imputer_cat_train.fit_transform(train_df[categorical_cols_train])

imputer_cat_test = SimpleImputer(strategy='most_frequent', fill_value='Unknown')
test_df[categorical_cols_test] = imputer_cat_test.fit_transform(test_df[categorical_cols_test])

# Print shapes and memory usage after handling missing values
print("Train Shape after Missing Value Handling:", train_df.shape)
print("Test Shape after Missing Value Handling:", test_df.shape)
print("Train Memory Usage after Missing Value Handling:\n", train_df.memory_usage(deep=True))
print("Test Memory Usage after Missing Value Handling:\n", test_df.memory_usage(deep=True))

# Handle outliers
# For simplicity, we will cap the values at 1.5*IQR for numerical columns
Q1 = train_df[numerical_cols_train].quantile(0.25)
Q3 = train_df[numerical_cols_train].quantile(0.75)
IQR = Q3 - Q1

train_df[numerical_cols_train] = train_df[numerical_cols_train].clip(lower=Q1 - 1.5*IQR, upper=Q3 + 1.5*IQR)

# Print shapes and memory usage after handling outliers
print("Train Shape after Outlier Handling:", train_df.shape)
print("Test Shape after Outlier Handling:", test_df.shape)
print("Train Memory Usage after Outlier Handling:\n", train_df.memory_usage(deep=True))
print("Test Memory Usage after Outlier Handling:\n", test_df.memory_usage(deep=True))

# Feature engineering for categorical columns
for col in categorical_cols_train:
    if len(train_df[col].unique()) > 50:
        # Use Label Encoding for high-cardinality columns
        le = LabelEncoder()
        train_df[col] = le.fit_transform(train_df[col])
        test_df[col] = le.transform(test_df[col])

# Print shapes and memory usage after feature engineering
print("Train Shape after Feature Engineering:", train_df.shape)
print("Test Shape after Feature Engineering:", test_df.shape)
print("Train Memory Usage after Feature Engineering:\n", train_df.memory_usage(deep=True))
print("Test Memory Usage after Feature Engineering:\n", test_df.memory_usage(deep=True))

# Standardize numerical features
scaler = StandardScaler()
train_df[numerical_cols_train] = scaler.fit_transform(train_df[numerical_cols_train])
test_df[numerical_cols_test] = scaler.transform(test_df[numerical_cols_test])

# Print shapes and memory usage after standardization
print("Train Shape after Standardization:", train_df.shape)
print("Test Shape after Standardization:", test_df.shape)
print("Train Memory Usage after Standardization:\n", train_df.memory_usage(deep=True))
print("Test Memory Usage after Standardization:\n", test_df.memory_usage(deep=True))

# Save processed data back to the same files
train_df.to_csv('train.csv', index=False)
test_df.to_csv('test.csv', index=False)

print("Data processing complete. Files saved.")
Error: Traceback (most recent call last):
  File "/tmp/tmp2jedm17q.py", line 74, in <module>
    train_df[numerical_cols_train] = train_df[numerical_cols_train].clip(lower=Q1 - 1.5*IQR, upper=Q3 + 1.5*IQR)
                                     ^^^^^^^^^^^^^^^^^^^^^^^^^^^^^^^^^^^^^^^^^^^^^^^^^^^^^^^^^^^^^^^^^^^^^^^^^^^
  File "/home/progifrogi/PycharmProjects/Agentic-Modeling-Operational-Engineering-Beta-Application/.venv/lib/python3.11/site-packages/pandas/core/generic.py", line 9130, in clip
    result = result._clip_with_one_bound(
             ^^^^^^^^^^^^^^^^^^^^^^^^^^^^
  File "/home/progifrogi/PycharmProjects/Agentic-Modeling-Operational-Engineering-Beta-Application/.venv/lib/python3.11/site-packages/pandas/core/generic.py", line 8909, in _clip_with_one_bound
    return self.where(subset, threshold, axis=axis, inplace=inplace)
           ^^^^^^^^^^^^^^^^^^^^^^^^^^^^^^^^^^^^^^^^^^^^^^^^^^^^^^^^^
  File "/home/progifrogi/PycharmProjects/Agentic-Modeling-Operational-Engineering-Beta-Application/.venv/lib/python3.11/site-packages/pandas/core/generic.py", line 11048, in where
    return self._where(cond, other, inplace, axis, level)
           ^^^^^^^^^^^^^^^^^^^^^^^^^^^^^^^^^^^^^^^^^^^^^^
  File "/home/progifrogi/PycharmProjects/Agentic-Modeling-Operational-Engineering-Beta-Application/.venv/lib/python3.11/site-packages/pandas/core/generic.py", line 10755, in _where
    other = self.align(
            ^^^^^^^^^^^
  File "/home/progifrogi/PycharmProjects/Agentic-Modeling-Operational-Engineering-Beta-Application/.venv/lib/python3.11/site-packages/pandas/core/generic.py", line 10510, in align
    left, _right, join_index = self._align_series(
                               ^^^^^^^^^^^^^^^^^^^
  File "/home/progifrogi/PycharmProjects/Agentic-Modeling-Operational-Engineering-Beta-Application/.venv/lib/python3.11/site-packages/pandas/core/generic.py", line 10616, in _align_series
    raise ValueError("Must specify axis=0 or 1")
ValueError: Must specify axis=0 or 1
Please provide correct code. Output only the code, no explanations.

2026-03-28 23:39:33,213 - INFO - Coder Response: import pandas as pd
from sklearn.preprocessing import StandardScaler, LabelEncoder
from sklearn.impute import SimpleImputer

# Load data
train_df = pd.read_csv('train.csv')
test_df = pd.read_csv('test.csv')

# Print initial shapes and memory usage
print("Initial Train Shape:", train_df.shape)
print("Initial Test Shape:", test_df.shape)
print("Train Memory Usage:\n", train_df.memory_usage(deep=True))
print("Test Memory Usage:\n", test_df.memory_usage(deep=True))

# Identify target variable and features
target_col = 'target'
features_cols = [col for col in train_df.columns if col != target_col]

# Separate numerical and categorical columns
numerical_cols_train = [c for c in train_df.select_dtypes(include=['number']).columns if c != target_col]
categorical_cols_train = [c for c in train_df.select_dtypes(exclude=['number']).columns if c != target_col]

numerical_cols_test = [c for c in test_df.select_dtypes(include=['number']).columns]
categorical_cols_test = [c for c in test_df.select_dtypes(exclude=['number']).columns]

# Handle missing values
# Numerical columns
imputer_num_train = SimpleImputer(strategy='median')
train_df[numerical_cols_train] = imputer_num_train.fit_transform(train_df[numerical_cols_train])

imputer_num_test = SimpleImputer(strategy='median')
test_df[numerical_cols_test] = imputer_num_test.fit_transform(test_df[numerical_cols_test])

# Categorical columns
imputer_cat_train = SimpleImputer(strategy='most_frequent', fill_value='Unknown')
train_df[categorical_cols_train] = imputer_cat_train.fit_transform(train_df[categorical_cols_train])

imputer_cat_test = SimpleImputer(strategy='most_frequent', fill_value='Unknown')
test_df[categorical_cols_test] = imputer_cat_test.fit_transform(test_df[categorical_cols_test])

# Print shapes and memory usage after handling missing values
print("Train Shape after Missing Value Handling:", train_df.shape)
print("Test Shape after Missing Value Handling:", test_df.shape)
print("Train Memory Usage after Missing Value Handling:\n", train_df.memory_usage(deep=True))
print("Test Memory Usage after Missing Value Handling:\n", test_df.memory_usage(deep=True))

# Handle outliers
# For simplicity, we will cap the values at 1.5*IQR for numerical columns
Q1 = train_df[numerical_cols_train].quantile(0.25)
Q3 = train_df[numerical_cols_train].quantile(0.75)
IQR = Q3 - Q1

train_df[numerical_cols_train] = train_df[numerical_cols_train].clip(lower=Q1 - 1.5*IQR, upper=Q3 + 1.5*IQR, axis=1)

# Print shapes and memory usage after handling outliers
print("Train Shape after Outlier Handling:", train_df.shape)
print("Test Shape after Outlier Handling:", test_df.shape)
print("Train Memory Usage after Outlier Handling:\n", train_df.memory_usage(deep=True))
print("Test Memory Usage after Outlier Handling:\n", test_df.memory_usage(deep=True))

# Feature engineering for categorical columns
for col in categorical_cols_train:
    if len(train_df[col].unique()) > 50:
        # Use Label Encoding for high-cardinality columns
        le = LabelEncoder()
        train_df[col] = le.fit_transform(train_df[col])
        test_df[col] = le.transform(test_df[col])

# Print shapes and memory usage after feature engineering
print("Train Shape after Feature Engineering:", train_df.shape)
print("Test Shape after Feature Engineering:", test_df.shape)
print("Train Memory Usage after Feature Engineering:\n", train_df.memory_usage(deep=True))
print("Test Memory Usage after Feature Engineering:\n", test_df.memory_usage(deep=True))

# Standardize numerical features
scaler = StandardScaler()
train_df[numerical_cols_train] = scaler.fit_transform(train_df[numerical_cols_train])
test_df[numerical_cols_test] = scaler.transform(test_df[numerical_cols_test])

# Print shapes and memory usage after standardization
print("Train Shape after Standardization:", train_df.shape)
print("Test Shape after Standardization:", test_df.shape)
print("Train Memory Usage after Standardization:\n", train_df.memory_usage(deep=True))
print("Test Memory Usage after Standardization:\n", test_df.memory_usage(deep=True))

# Save processed data back to the same files
train_df.to_csv('train.csv', index=False)
test_df.to_csv('test.csv', index=False)

print("Data processing complete. Files saved.")
2026-03-28 23:39:34,889 - INFO - Code executed unsuccessfully: Traceback (most recent call last):
  File "/home/progifrogi/PycharmProjects/Agentic-Modeling-Operational-Engineering-Beta-Application/.venv/lib/python3.11/site-packages/sklearn/utils/_encode.py", line 229, in _encode
    return _map_to_integer(values, uniques)
           ^^^^^^^^^^^^^^^^^^^^^^^^^^^^^^^^
  File "/home/progifrogi/PycharmProjects/Agentic-Modeling-Operational-Engineering-Beta-Application/.venv/lib/python3.11/site-packages/sklearn/utils/_encode.py", line 168, in _map_to_integer
    return xp.asarray([table[v] for v in values], device=device(values))
                      ^^^^^^^^^^^^^^^^^^^^^^^^^^
  File "/home/progifrogi/PycharmProjects/Agentic-Modeling-Operational-Engineering-Beta-Application/.venv/lib/python3.11/site-packages/sklearn/utils/_encode.py", line 168, in <listcomp>
    return xp.asarray([table[v] for v in values], device=device(values))
                       ~~~~~^^^
  File "/home/progifrogi/PycharmProjects/Agentic-Modeling-Operational-Engineering-Beta-Application/.venv/lib/python3.11/site-packages/sklearn/utils/_encode.py", line 161, in __missing__
    raise KeyError(key)
KeyError: 'Amazing 4 Bedrooms 4 Bathrooms sleeps 9'

During handling of the above exception, another exception occurred:

Traceback (most recent call last):
  File "/tmp/tmppm8v54j5.py", line 88, in <module>
    test_df[col] = le.transform(test_df[col])
                   ^^^^^^^^^^^^^^^^^^^^^^^^^^
  File "/home/progifrogi/PycharmProjects/Agentic-Modeling-Operational-Engineering-Beta-Application/.venv/lib/python3.11/site-packages/sklearn/preprocessing/_label.py", line 144, in transform
    return _encode(y, uniques=self.classes_)
           ^^^^^^^^^^^^^^^^^^^^^^^^^^^^^^^^^
  File "/home/progifrogi/PycharmProjects/Agentic-Modeling-Operational-Engineering-Beta-Application/.venv/lib/python3.11/site-packages/sklearn/utils/_encode.py", line 231, in _encode
    raise ValueError(f"y contains previously unseen labels: {e}")
ValueError: y contains previously unseen labels: 'Amazing 4 Bedrooms 4 Bathrooms sleeps 9'
2026-03-28 23:40:03,085 - INFO - Coder Request: The following code had an error:
import pandas as pd
from sklearn.preprocessing import StandardScaler, LabelEncoder
from sklearn.impute import SimpleImputer

# Load data
train_df = pd.read_csv('train.csv')
test_df = pd.read_csv('test.csv')

# Print initial shapes and memory usage
print("Initial Train Shape:", train_df.shape)
print("Initial Test Shape:", test_df.shape)
print("Train Memory Usage:\n", train_df.memory_usage(deep=True))
print("Test Memory Usage:\n", test_df.memory_usage(deep=True))

# Identify target variable and features
target_col = 'target'
features_cols = [col for col in train_df.columns if col != target_col]

# Separate numerical and categorical columns
numerical_cols_train = [c for c in train_df.select_dtypes(include=['number']).columns if c != target_col]
categorical_cols_train = [c for c in train_df.select_dtypes(exclude=['number']).columns if c != target_col]

numerical_cols_test = [c for c in test_df.select_dtypes(include=['number']).columns]
categorical_cols_test = [c for c in test_df.select_dtypes(exclude=['number']).columns]

# Handle missing values
# Numerical columns
imputer_num_train = SimpleImputer(strategy='median')
train_df[numerical_cols_train] = imputer_num_train.fit_transform(train_df[numerical_cols_train])

imputer_num_test = SimpleImputer(strategy='median')
test_df[numerical_cols_test] = imputer_num_test.fit_transform(test_df[numerical_cols_test])

# Categorical columns
imputer_cat_train = SimpleImputer(strategy='most_frequent', fill_value='Unknown')
train_df[categorical_cols_train] = imputer_cat_train.fit_transform(train_df[categorical_cols_train])

imputer_cat_test = SimpleImputer(strategy='most_frequent', fill_value='Unknown')
test_df[categorical_cols_test] = imputer_cat_test.fit_transform(test_df[categorical_cols_test])

# Print shapes and memory usage after handling missing values
print("Train Shape after Missing Value Handling:", train_df.shape)
print("Test Shape after Missing Value Handling:", test_df.shape)
print("Train Memory Usage after Missing Value Handling:\n", train_df.memory_usage(deep=True))
print("Test Memory Usage after Missing Value Handling:\n", test_df.memory_usage(deep=True))

# Handle outliers
# For simplicity, we will cap the values at 1.5*IQR for numerical columns
Q1 = train_df[numerical_cols_train].quantile(0.25)
Q3 = train_df[numerical_cols_train].quantile(0.75)
IQR = Q3 - Q1

train_df[numerical_cols_train] = train_df[numerical_cols_train].clip(lower=Q1 - 1.5*IQR, upper=Q3 + 1.5*IQR, axis=1)

# Print shapes and memory usage after handling outliers
print("Train Shape after Outlier Handling:", train_df.shape)
print("Test Shape after Outlier Handling:", test_df.shape)
print("Train Memory Usage after Outlier Handling:\n", train_df.memory_usage(deep=True))
print("Test Memory Usage after Outlier Handling:\n", test_df.memory_usage(deep=True))

# Feature engineering for categorical columns
for col in categorical_cols_train:
    if len(train_df[col].unique()) > 50:
        # Use Label Encoding for high-cardinality columns
        le = LabelEncoder()
        train_df[col] = le.fit_transform(train_df[col])
        test_df[col] = le.transform(test_df[col])

# Print shapes and memory usage after feature engineering
print("Train Shape after Feature Engineering:", train_df.shape)
print("Test Shape after Feature Engineering:", test_df.shape)
print("Train Memory Usage after Feature Engineering:\n", train_df.memory_usage(deep=True))
print("Test Memory Usage after Feature Engineering:\n", test_df.memory_usage(deep=True))

# Standardize numerical features
scaler = StandardScaler()
train_df[numerical_cols_train] = scaler.fit_transform(train_df[numerical_cols_train])
test_df[numerical_cols_test] = scaler.transform(test_df[numerical_cols_test])

# Print shapes and memory usage after standardization
print("Train Shape after Standardization:", train_df.shape)
print("Test Shape after Standardization:", test_df.shape)
print("Train Memory Usage after Standardization:\n", train_df.memory_usage(deep=True))
print("Test Memory Usage after Standardization:\n", test_df.memory_usage(deep=True))

# Save processed data back to the same files
train_df.to_csv('train.csv', index=False)
test_df.to_csv('test.csv', index=False)

print("Data processing complete. Files saved.")
Error: Traceback (most recent call last):
  File "/home/progifrogi/PycharmProjects/Agentic-Modeling-Operational-Engineering-Beta-Application/.venv/lib/python3.11/site-packages/sklearn/utils/_encode.py", line 229, in _encode
    return _map_to_integer(values, uniques)
           ^^^^^^^^^^^^^^^^^^^^^^^^^^^^^^^^
  File "/home/progifrogi/PycharmProjects/Agentic-Modeling-Operational-Engineering-Beta-Application/.venv/lib/python3.11/site-packages/sklearn/utils/_encode.py", line 168, in _map_to_integer
    return xp.asarray([table[v] for v in values], device=device(values))
                      ^^^^^^^^^^^^^^^^^^^^^^^^^^
  File "/home/progifrogi/PycharmProjects/Agentic-Modeling-Operational-Engineering-Beta-Application/.venv/lib/python3.11/site-packages/sklearn/utils/_encode.py", line 168, in <listcomp>
    return xp.asarray([table[v] for v in values], device=device(values))
                       ~~~~~^^^
  File "/home/progifrogi/PycharmProjects/Agentic-Modeling-Operational-Engineering-Beta-Application/.venv/lib/python3.11/site-packages/sklearn/utils/_encode.py", line 161, in __missing__
    raise KeyError(key)
KeyError: 'Amazing 4 Bedrooms 4 Bathrooms sleeps 9'

During handling of the above exception, another exception occurred:

Traceback (most recent call last):
  File "/tmp/tmppm8v54j5.py", line 88, in <module>
    test_df[col] = le.transform(test_df[col])
                   ^^^^^^^^^^^^^^^^^^^^^^^^^^
  File "/home/progifrogi/PycharmProjects/Agentic-Modeling-Operational-Engineering-Beta-Application/.venv/lib/python3.11/site-packages/sklearn/preprocessing/_label.py", line 144, in transform
    return _encode(y, uniques=self.classes_)
           ^^^^^^^^^^^^^^^^^^^^^^^^^^^^^^^^^
  File "/home/progifrogi/PycharmProjects/Agentic-Modeling-Operational-Engineering-Beta-Application/.venv/lib/python3.11/site-packages/sklearn/utils/_encode.py", line 231, in _encode
    raise ValueError(f"y contains previously unseen labels: {e}")
ValueError: y contains previously unseen labels: 'Amazing 4 Bedrooms 4 Bathrooms sleeps 9'
Please provide correct code. Output only the code, no explanations.

2026-03-28 23:40:03,085 - INFO - Coder Response: import pandas as pd
from sklearn.preprocessing import StandardScaler, LabelEncoder
from sklearn.impute import SimpleImputer

# Load data
train_df = pd.read_csv('train.csv')
test_df = pd.read_csv('test.csv')

# Print initial shapes and memory usage
print("Initial Train Shape:", train_df.shape)
print("Initial Test Shape:", test_df.shape)
print("Train Memory Usage:\n", train_df.memory_usage(deep=True))
print("Test Memory Usage:\n", test_df.memory_usage(deep=True))

# Identify target variable and features
target_col = 'target'
features_cols = [col for col in train_df.columns if col != target_col]

# Separate numerical and categorical columns
numerical_cols_train = [c for c in train_df.select_dtypes(include=['number']).columns if c != target_col]
categorical_cols_train = [c for c in train_df.select_dtypes(exclude=['number']).columns if c != target_col]

numerical_cols_test = [c for c in test_df.select_dtypes(include=['number']).columns]
categorical_cols_test = [c for c in test_df.select_dtypes(exclude=['number']).columns]

# Handle missing values
# Numerical columns
imputer_num_train = SimpleImputer(strategy='median')
train_df[numerical_cols_train] = imputer_num_train.fit_transform(train_df[numerical_cols_train])

imputer_num_test = SimpleImputer(strategy='median')
test_df[numerical_cols_test] = imputer_num_test.fit_transform(test_df[numerical_cols_test])

# Categorical columns
imputer_cat_train = SimpleImputer(strategy='most_frequent', fill_value='Unknown')
train_df[categorical_cols_train] = imputer_cat_train.fit_transform(train_df[categorical_cols_train])

imputer_cat_test = SimpleImputer(strategy='most_frequent', fill_value='Unknown')
test_df[categorical_cols_test] = imputer_cat_test.fit_transform(test_df[categorical_cols_test])

# Print shapes and memory usage after handling missing values
print("Train Shape after Missing Value Handling:", train_df.shape)
print("Test Shape after Missing Value Handling:", test_df.shape)
print("Train Memory Usage after Missing Value Handling:\n", train_df.memory_usage(deep=True))
print("Test Memory Usage after Missing Value Handling:\n", test_df.memory_usage(deep=True))

# Handle outliers
# For simplicity, we will cap the values at 1.5*IQR for numerical columns
Q1 = train_df[numerical_cols_train].quantile(0.25)
Q3 = train_df[numerical_cols_train].quantile(0.75)
IQR = Q3 - Q1

train_df[numerical_cols_train] = train_df[numerical_cols_train].clip(lower=Q1 - 1.5*IQR, upper=Q3 + 1.5*IQR, axis=1)

# Print shapes and memory usage after handling outliers
print("Train Shape after Outlier Handling:", train_df.shape)
print("Test Shape after Outlier Handling:", test_df.shape)
print("Train Memory Usage after Outlier Handling:\n", train_df.memory_usage(deep=True))
print("Test Memory Usage after Outlier Handling:\n", test_df.memory_usage(deep=True))

# Feature engineering for categorical columns
for col in categorical_cols_train:
    if len(train_df[col].unique()) > 50:
        # Use Label Encoding for high-cardinality columns
        le = LabelEncoder()
        train_df[col] = le.fit_transform(train_df[col])
        
        # Ensure test data has the same labels as training data
        unique_labels = set(le.classes_)
        unseen_labels = set(test_df[col].unique()) - unique_labels
        
        if unseen_labels:
            for label in unseen_labels:
                le.classes_ = np.append(le.classes_, label)
        
        test_df[col] = le.transform(test_df[col])

# Print shapes and memory usage after feature engineering
print("Train Shape after Feature Engineering:", train_df.shape)
print("Test Shape after Feature Engineering:", test_df.shape)
print("Train Memory Usage after Feature Engineering:\n", train_df.memory_usage(deep=True))
print("Test Memory Usage after Feature Engineering:\n", test_df.memory_usage(deep=True))

# Standardize numerical features
scaler = StandardScaler()
train_df[numerical_cols_train] = scaler.fit_transform(train_df[numerical_cols_train])
test_df[numerical_cols_test] = scaler.transform(test_df[numerical_cols_test])

# Print shapes and memory usage after standardization
print("Train Shape after Standardization:", train_df.shape)
print("Test Shape after Standardization:", test_df.shape)
print("Train Memory Usage after Standardization:\n", train_df.memory_usage(deep=True))
print("Test Memory Usage after Standardization:\n", test_df.memory_usage(deep=True))

# Save processed data back to the same files
train_df.to_csv('train.csv', index=False)
test_df.to_csv('test.csv', index=False)

print("Data processing complete. Files saved.")
2026-03-28 23:40:04,774 - INFO - Code executed unsuccessfully: Traceback (most recent call last):
  File "/tmp/tmpuk8u2gw6.py", line 95, in <module>
    le.classes_ = np.append(le.classes_, label)
                  ^^
NameError: name 'np' is not defined
2026-03-28 23:40:04,775 - INFO - [Wrapper] Coder finished.
2026-03-28 23:40:04,775 - INFO - [Wrapper] Response: Error: Traceback (most recent call last):
  File "/tmp/tmpuk8u2gw6.py", line 95, in <module>
    le.classes_ = np.append(le.classes_, label)
                  ^^
NameError: name 'np' is not defined...
2026-03-28 23:40:06,592 - INFO - AnalyticREQUEST: 
You are a professional data analyst working with files in the session directory.

Current session directory: sessions/session_20260328_233834
Files available: ['train.csv', 'sample_submition.csv', 'competition_info.json', 'test.csv', 'solution.csv']

Current dataset state:
Train data: 36671 rows, 15 columns
Test data: 12224 rows, 14 columns

Dataset description from author: 
Dataset Description
# Files
train.csv - the training set
test.csv - the test set
sample_submission.csv - a sample submiss...
2026-03-28 23:40:06,592 - INFO - AnalyticRESPONSE: ```json
{
  "data_planner_request": "Please provide the competition type, target column, and evaluation metric to proceed with data processing.",
  "satisfy_rate": 0.0
}
```
2026-03-28 23:40:06,592 - INFO - Parsed satisfy_rate: 0.0, done: False
2026-03-28 23:40:07,691 - INFO - AnalyticREQUEST: 
You are a professional data analyst working with files in the session directory.

Current session directory: sessions/session_20260328_233834
Files available: ['train.csv', 'sample_submition.csv', 'competition_info.json', 'test.csv', 'solution.csv']

Current dataset state:
Train data: 36671 rows, 15 columns
Test data: 12224 rows, 14 columns

Dataset description from author: 
Dataset Description
# Files
train.csv - the training set
test.csv - the test set
sample_submission.csv - a sample submiss...
2026-03-28 23:40:07,691 - INFO - AnalyticRESPONSE: ```json
{
  "data_planner_request": "",
  "satisfy_rate": 1.0
}
```
2026-03-28 23:40:07,691 - INFO - Parsed satisfy_rate: 1.0, done: True
2026-03-28 23:40:07,691 - INFO - Starting training phase...
2026-03-28 23:40:18,638 - INFO - Training plan generated: {}
2026-03-28 23:40:34,219 - INFO - Coder Request: 
    Write Python code for the following task:

Write Python code to train a model on the data.

IMPORTANT: You are ALREADY in the session directory. Use relative paths like 'train.csv', not absolute paths.

CRITICAL INFORMATION:
- Target column name is: 'target'
- Task type: regression
- Evaluation metric: MSE

Requirements:
1. Load data from: 'train.csv' and 'test.csv' (use relative paths)
2. Target column: 'target'
3. Task type: regression (metric: MSE)
4. Configuration: {}
5. Save trained model to: 'model.pkl' (use joblib.dump)
6. Save predictions on test data to: 'predictions.csv'
7. Calculate and print model score on validation set
8. Print feature importance if applicable

Rules:
- Use memory-efficient code
- Use pandas fillna() for missing values (NOT sklearn imputers if possible)
- For categorical columns with >50 unique values, use frequency encoding
- For categorical columns with <=50 unique values, use LabelEncoder
- Scale numerical features with StandardScaler
- Use train/val split (80/20)
- Save model with joblib.dump
- Print all metrics
- DO NOT use .ravel() - y is already 1D

Output ONLY the Python code, no explanations.

Important: When generating code, ensure:
    - Use proper spacing: "import pandas as pd" not "import pandasaspd"
    - Add spaces after commas: "func(arg1, arg2)" not "func(arg1,arg2)"
    - Put each statement on a new line
    - Use proper indentation (4 spaces per level)
    - Ensure the code runs without errors and outputs meaningful results.
    - If using sklearn, use sparse_output=False instead of sparse=False for OneHotEncoder (newer sklearn versions)
    - Use .ravel() when assigning imputed values to avoid dimension issues
    - Don't use matplotlib or seaborn for visualizations
    
    1. Memory efficiency is KEY - work with large datasets (36k rows, 15 columns)
    2. DO NOT create explosion of features - avoid OneHotEncoder on high-cardinality columns
    3. For columns with > 50 unique values, use:
       - Label Encoding, or
       - Frequency encoding, or
       - Keep as-is (if meaningful for model like text)
    4. Always print shapes and memory usage after operations
    5. Handle missing values simply:
       - Numerical: fill with median/mean
       - Categorical: fill with "Unknown" or mode
    6. For datetime: extract useful features (year, month, day, dayofweek)
    7. Use StandardScaler for numerical features
    8. Save processed files with .to_csv(index=False)
    9. Print progress messages
    10. **TEST DATA DOES NOT HAVE 'target' COLUMN** - This is the most important rule!
       - Always exclude 'target' from numerical_cols when processing test data
       - Use: numerical_cols_train = [c for c in numerical_cols if c != 'target']
       - For test: use the same columns as train WITHOUT 'target'
    REMEMBER - in test.csv not 'target'
    Output only the code, no explanations.
    
2026-03-28 23:40:34,219 - INFO - Coder Response: import pandas as pd
from sklearn.model_selection import train_test_split
from sklearn.preprocessing import StandardScaler, LabelEncoder
from sklearn.metrics import mean_squared_error
from sklearn.ensemble import RandomForestRegressor
import joblib

# Load data
train_df = pd.read_csv('train.csv')
test_df = pd.read_csv('test.csv')

# Separate target and features
X_train = train_df.drop(columns=['target'])
y_train = train_df['target']

# Handle missing values
numerical_cols = X_train.select_dtypes(include='number').columns.tolist()
categorical_cols = X_train.select_dtypes(include='object').columns.tolist()

for col in numerical_cols:
    median_val = X_train[col].median()
    X_train[col].fillna(median_val, inplace=True)
    test_df[col].fillna(median_val, inplace=True)

for col in categorical_cols:
    mode_val = X_train[col].mode()[0]
    X_train[col].fillna(mode_val, inplace=True)
    test_df[col].fillna(mode_val, inplace=True)

# Encode categorical columns
for col in categorical_cols:
    if X_train[col].nunique() > 50:
        freq_map = X_train[col].value_counts(normalize=True).to_dict()
        X_train[col] = X_train[col].map(freq_map)
        test_df[col] = test_df[col].map(freq_map)
    else:
        le = LabelEncoder()
        X_train[col] = le.fit_transform(X_train[col])
        test_df[col] = le.transform(test_df[col])

# Scale numerical features
scaler = StandardScaler()
X_train[numerical_cols] = scaler.fit_transform(X_train[numerical_cols])
test_df[numerical_cols] = scaler.transform(test_df[numerical_cols])

# Train/val split
X_train, X_val, y_train, y_val = train_test_split(X_train, y_train, test_size=0.2, random_state=42)

# Train model
model = RandomForestRegressor(random_state=42)
model.fit(X_train, y_train)

# Predict on validation set
y_pred_val = model.predict(X_val)
mse_val = mean_squared_error(y_val, y_pred_val)
print(f'Validation MSE: {mse_val}')

# Save model
joblib.dump(model, 'model.pkl')

# Predict on test data
test_predictions = model.predict(test_df)
predictions_df = pd.DataFrame({'id': range(len(test_predictions)), 'target': test_predictions})
predictions_df.to_csv('predictions.csv', index=False)

# Print feature importance if applicable
if hasattr(model, 'feature_importances_'):
    importances = model.feature_importances_
    feature_importance_df = pd.DataFrame({'feature': X_train.columns, 'importance': importances})
    print(feature_importance_df.sort_values(by='importance', ascending=False))
2026-03-28 23:40:53,343 - INFO - Code executed successfully! Results saved to execution_results/_Write Python code to train a model on the data.__
2026-03-28 23:40:53,732 - INFO - Starting validation phase...
2026-03-28 23:40:58,222 - INFO - Submitting to Kaggle...
2026-03-28 23:41:14,221 - INFO - Starting data processing phase...
2026-03-28 23:41:14,290 - INFO - AnalyticREQUEST: 
    You are a professional data analyst working with files in the session directory.

    Current session directory: sessions/session_20260328_233834
    Files available: ['model.pkl', 'train.csv', 'predictions.csv', 'sample_submition.csv', 'competition_info.json', 'test.csv', 'solution.csv']

    Dataset info:
    Train data: 36671 rows, 15 columns
    Test data: 12224 rows, 14 columns

    Dataset description from author: 
    Dataset Description
# Files
train.csv - the training set
test.csv - the test set
sample_submission.csv - a sample submission file in the correct format
# Columns
name: название объекта
_id: уникальный идентификатор
host_name: имя владельца или хоста, который предоставляет жилье
location_cluster: кластеризация местоположений (например, группировка объектов по районам или зонам).
location: описание местоположения объекта
lat, lon: широта и долгота местоположения объекта.
type_house: тип жилья
sum: общая стоимость аренды или сумма за определенный период.
min_days: минимальное количество дней для бронирования объекта.
amt_reviews: количество отзывов, оставленных для данного объекта.
last_dt: дата последнего отзыва или последнего бронирования.
avg_reviews: средний рейтинг или среднее количество отзывов за определенный период.
total_host: общее количество объектов, принадлежащих одному хосту
target: целевая переменная

# Overview
Соревнование в рамках курса от МТС. Задача: предсказание дней занятости (или простоя) аренды недвижимости.

# Description
Соревнование по задаче регрессии

# Evaluation
Оценка по метрике MSE

    History:
    It's your first try

    IMPORTANT:
    - All your operations should work with files in the session directory
    - You can modify train.csv and test.csv directly
    - The files will be automatically saved after each operation
    - Use the session directory for all file operations
    - The data worker will execute code in the session directory

    Rate your confidence (0-1) that the data is ready for model training.
    If rate > 0.9, we proceed to model training.

    Give response in json with fields:
    - data_planner_request: str with commands for data_worker
    - satisfy_rate: float
    
2026-03-28 23:41:16,040 - INFO - AnalyticRESPONSE: ```json
{
  "data_planner_request": "Check the distribution of target variable and handle any missing values or outliers. Also, perform exploratory data analysis to understand the relationships between different features.",
  "satisfy_rate": 0.85
}
```
2026-03-28 23:41:16,041 - INFO - [Wrapper] Running coder with task:

    Work with files in the session directory: sessions/session_20260328_233834

    Available files: ['model.pkl', 'train.csv', 'predictions.csv', 'sample_submition.csv', 'competition_info.json', 'test.csv', 'solution.csv']

    Task: Check the distribution of target variable and handle any missing values or outliers. Also, perform exploratory data analysis to understand the relationships between different features.

    Instructions:
    1. Load data from the session directory files (train.csv, test.csv)
    2. Perform required transformations
    3. Save the processed data back to the same files (overwrite)
    4. You can create additional files if needed (they will be saved in the session directory)

    Important:
    - All file operations should use paths relative to the session directory
    - The session directory is: sessions/session_20260328_233834
    - You can use: pd.read_csv('train.csv') - it will work from the session directory
    - After processing, save back using: df.to_csv('train.csv', index=False)

    The system will automatically use the updated files for the next steps.
    
2026-03-28 23:41:34,247 - INFO - Coder Request: 
    Write Python code for the following task:

    Work with files in the session directory: sessions/session_20260328_233834

    Available files: ['model.pkl', 'train.csv', 'predictions.csv', 'sample_submition.csv', 'competition_info.json', 'test.csv', 'solution.csv']

    Task: Check the distribution of target variable and handle any missing values or outliers. Also, perform exploratory data analysis to understand the relationships between different features.

    Instructions:
    1. Load data from the session directory files (train.csv, test.csv)
    2. Perform required transformations
    3. Save the processed data back to the same files (overwrite)
    4. You can create additional files if needed (they will be saved in the session directory)

    Important:
    - All file operations should use paths relative to the session directory
    - The session directory is: sessions/session_20260328_233834
    - You can use: pd.read_csv('train.csv') - it will work from the session directory
    - After processing, save back using: df.to_csv('train.csv', index=False)

    The system will automatically use the updated files for the next steps.
    
Important: When generating code, ensure:
    - Use proper spacing: "import pandas as pd" not "import pandasaspd"
    - Add spaces after commas: "func(arg1, arg2)" not "func(arg1,arg2)"
    - Put each statement on a new line
    - Use proper indentation (4 spaces per level)
    - Ensure the code runs without errors and outputs meaningful results.
    - If using sklearn, use sparse_output=False instead of sparse=False for OneHotEncoder (newer sklearn versions)
    - Use .ravel() when assigning imputed values to avoid dimension issues
    - Don't use matplotlib or seaborn for visualizations
    
    1. Memory efficiency is KEY - work with large datasets (36k rows, 15 columns)
    2. DO NOT create explosion of features - avoid OneHotEncoder on high-cardinality columns
    3. For columns with > 50 unique values, use:
       - Label Encoding, or
       - Frequency encoding, or
       - Keep as-is (if meaningful for model like text)
    4. Always print shapes and memory usage after operations
    5. Handle missing values simply:
       - Numerical: fill with median/mean
       - Categorical: fill with "Unknown" or mode
    6. For datetime: extract useful features (year, month, day, dayofweek)
    7. Use StandardScaler for numerical features
    8. Save processed files with .to_csv(index=False)
    9. Print progress messages
    10. **TEST DATA DOES NOT HAVE 'target' COLUMN** - This is the most important rule!
       - Always exclude 'target' from numerical_cols when processing test data
       - Use: numerical_cols_train = [c for c in numerical_cols if c != 'target']
       - For test: use the same columns as train WITHOUT 'target'
    REMEMBER - in test.csv not 'target'
    Output only the code, no explanations.
    
2026-03-28 23:41:34,247 - INFO - Coder Response: import pandas as pd
from sklearn.preprocessing import StandardScaler, LabelEncoder
from sklearn.impute import SimpleImputer

# Load data
train_df = pd.read_csv('train.csv')
test_df = pd.read_csv('test.csv')

# Print initial shapes and memory usage
print("Initial Train Shape:", train_df.shape)
print("Initial Test Shape:", test_df.shape)
print("Train Memory Usage:\n", train_df.memory_usage(deep=True))
print("Test Memory Usage:\n", test_df.memory_usage(deep=True))

# Identify target variable
target_col = 'target'
numerical_cols_train = [c for c in train_df.columns if train_df[c].dtype != 'object' and c != target_col]
categorical_cols_train = [c for c in train_df.columns if train_df[c].dtype == 'object']

# Handle missing values for train data
num_imputer = SimpleImputer(strategy='median')
cat_imputer = SimpleImputer(strategy='most_frequent')

train_df[numerical_cols_train] = num_imputer.fit_transform(train_df[numerical_cols_train])
train_df[categorical_cols_train] = cat_imputer.fit_transform(train_df[categorical_cols_train])

# Handle missing values for test data
numerical_cols_test = [c for c in test_df.columns if test_df[c].dtype != 'object']
categorical_cols_test = [c for c in test_df.columns if test_df[c].dtype == 'object']

test_df[numerical_cols_test] = num_imputer.transform(test_df[numerical_cols_test])
test_df[categorical_cols_test] = cat_imputer.transform(test_df[categorical_cols_test])

# Print shapes and memory usage after imputation
print("Train Shape after Imputation:", train_df.shape)
print("Test Shape after Imputation:", test_df.shape)
print("Train Memory Usage after Imputation:\n", train_df.memory_usage(deep=True))
print("Test Memory Usage after Imputation:\n", test_df.memory_usage(deep=True))

# Encode categorical variables
label_encoders = {}
for col in categorical_cols_train:
    le = LabelEncoder()
    train_df[col] = le.fit_transform(train_df[col])
    label_encoders[col] = le

for col in categorical_cols_test:
    train_df[col] = label_encoders[col].transform(test_df[col])

# Print shapes and memory usage after encoding
print("Train Shape after Encoding:", train_df.shape)
print("Test Shape after Encoding:", test_df.shape)
print("Train Memory Usage after Encoding:\n", train_df.memory_usage(deep=True))
print("Test Memory Usage after Encoding:\n", test_df.memory_usage(deep=True))

# Scale numerical features
scaler = StandardScaler()
train_df[numerical_cols_train] = scaler.fit_transform(train_df[numerical_cols_train])
test_df[numerical_cols_test] = scaler.transform(test_df[numerical_cols_test])

# Print shapes and memory usage after scaling
print("Train Shape after Scaling:", train_df.shape)
print("Test Shape after Scaling:", test_df.shape)
print("Train Memory Usage after Scaling:\n", train_df.memory_usage(deep=True))
print("Test Memory Usage after Scaling:\n", test_df.memory_usage(deep=True))

# Save processed data back to files
train_df.to_csv('train.csv', index=False)
test_df.to_csv('test.csv', index=False)

print("Data processing complete. Files saved.")
2026-03-28 23:41:35,852 - INFO - Code executed unsuccessfully: Traceback (most recent call last):
  File "/home/progifrogi/PycharmProjects/Agentic-Modeling-Operational-Engineering-Beta-Application/.venv/lib/python3.11/site-packages/sklearn/utils/_encode.py", line 229, in _encode
    return _map_to_integer(values, uniques)
           ^^^^^^^^^^^^^^^^^^^^^^^^^^^^^^^^
  File "/home/progifrogi/PycharmProjects/Agentic-Modeling-Operational-Engineering-Beta-Application/.venv/lib/python3.11/site-packages/sklearn/utils/_encode.py", line 168, in _map_to_integer
    return xp.asarray([table[v] for v in values], device=device(values))
                      ^^^^^^^^^^^^^^^^^^^^^^^^^^
  File "/home/progifrogi/PycharmProjects/Agentic-Modeling-Operational-Engineering-Beta-Application/.venv/lib/python3.11/site-packages/sklearn/utils/_encode.py", line 168, in <listcomp>
    return xp.asarray([table[v] for v in values], device=device(values))
                       ~~~~~^^^
  File "/home/progifrogi/PycharmProjects/Agentic-Modeling-Operational-Engineering-Beta-Application/.venv/lib/python3.11/site-packages/sklearn/utils/_encode.py", line 161, in __missing__
    raise KeyError(key)
KeyError: 'Amazing 4 Bedrooms 4 Bathrooms sleeps 9'

During handling of the above exception, another exception occurred:

Traceback (most recent call last):
  File "/tmp/tmp21v7_dy6.py", line 69, in <module>
    train_df[col] = label_encoders[col].transform(test_df[col])
                    ^^^^^^^^^^^^^^^^^^^^^^^^^^^^^^^^^^^^^^^^^^^
  File "/home/progifrogi/PycharmProjects/Agentic-Modeling-Operational-Engineering-Beta-Application/.venv/lib/python3.11/site-packages/sklearn/preprocessing/_label.py", line 144, in transform
    return _encode(y, uniques=self.classes_)
           ^^^^^^^^^^^^^^^^^^^^^^^^^^^^^^^^^
  File "/home/progifrogi/PycharmProjects/Agentic-Modeling-Operational-Engineering-Beta-Application/.venv/lib/python3.11/site-packages/sklearn/utils/_encode.py", line 231, in _encode
    raise ValueError(f"y contains previously unseen labels: {e}")
ValueError: y contains previously unseen labels: 'Amazing 4 Bedrooms 4 Bathrooms sleeps 9'
2026-03-28 23:41:56,633 - INFO - Coder Request: The following code had an error:
import pandas as pd
from sklearn.preprocessing import StandardScaler, LabelEncoder
from sklearn.impute import SimpleImputer

# Load data
train_df = pd.read_csv('train.csv')
test_df = pd.read_csv('test.csv')

# Print initial shapes and memory usage
print("Initial Train Shape:", train_df.shape)
print("Initial Test Shape:", test_df.shape)
print("Train Memory Usage:\n", train_df.memory_usage(deep=True))
print("Test Memory Usage:\n", test_df.memory_usage(deep=True))

# Identify target variable
target_col = 'target'
numerical_cols_train = [c for c in train_df.columns if train_df[c].dtype != 'object' and c != target_col]
categorical_cols_train = [c for c in train_df.columns if train_df[c].dtype == 'object']

# Handle missing values for train data
num_imputer = SimpleImputer(strategy='median')
cat_imputer = SimpleImputer(strategy='most_frequent')

train_df[numerical_cols_train] = num_imputer.fit_transform(train_df[numerical_cols_train])
train_df[categorical_cols_train] = cat_imputer.fit_transform(train_df[categorical_cols_train])

# Handle missing values for test data
numerical_cols_test = [c for c in test_df.columns if test_df[c].dtype != 'object']
categorical_cols_test = [c for c in test_df.columns if test_df[c].dtype == 'object']

test_df[numerical_cols_test] = num_imputer.transform(test_df[numerical_cols_test])
test_df[categorical_cols_test] = cat_imputer.transform(test_df[categorical_cols_test])

# Print shapes and memory usage after imputation
print("Train Shape after Imputation:", train_df.shape)
print("Test Shape after Imputation:", test_df.shape)
print("Train Memory Usage after Imputation:\n", train_df.memory_usage(deep=True))
print("Test Memory Usage after Imputation:\n", test_df.memory_usage(deep=True))

# Encode categorical variables
label_encoders = {}
for col in categorical_cols_train:
    le = LabelEncoder()
    train_df[col] = le.fit_transform(train_df[col])
    label_encoders[col] = le

for col in categorical_cols_test:
    train_df[col] = label_encoders[col].transform(test_df[col])

# Print shapes and memory usage after encoding
print("Train Shape after Encoding:", train_df.shape)
print("Test Shape after Encoding:", test_df.shape)
print("Train Memory Usage after Encoding:\n", train_df.memory_usage(deep=True))
print("Test Memory Usage after Encoding:\n", test_df.memory_usage(deep=True))

# Scale numerical features
scaler = StandardScaler()
train_df[numerical_cols_train] = scaler.fit_transform(train_df[numerical_cols_train])
test_df[numerical_cols_test] = scaler.transform(test_df[numerical_cols_test])

# Print shapes and memory usage after scaling
print("Train Shape after Scaling:", train_df.shape)
print("Test Shape after Scaling:", test_df.shape)
print("Train Memory Usage after Scaling:\n", train_df.memory_usage(deep=True))
print("Test Memory Usage after Scaling:\n", test_df.memory_usage(deep=True))

# Save processed data back to files
train_df.to_csv('train.csv', index=False)
test_df.to_csv('test.csv', index=False)

print("Data processing complete. Files saved.")
Error: Traceback (most recent call last):
  File "/home/progifrogi/PycharmProjects/Agentic-Modeling-Operational-Engineering-Beta-Application/.venv/lib/python3.11/site-packages/sklearn/utils/_encode.py", line 229, in _encode
    return _map_to_integer(values, uniques)
           ^^^^^^^^^^^^^^^^^^^^^^^^^^^^^^^^
  File "/home/progifrogi/PycharmProjects/Agentic-Modeling-Operational-Engineering-Beta-Application/.venv/lib/python3.11/site-packages/sklearn/utils/_encode.py", line 168, in _map_to_integer
    return xp.asarray([table[v] for v in values], device=device(values))
                      ^^^^^^^^^^^^^^^^^^^^^^^^^^
  File "/home/progifrogi/PycharmProjects/Agentic-Modeling-Operational-Engineering-Beta-Application/.venv/lib/python3.11/site-packages/sklearn/utils/_encode.py", line 168, in <listcomp>
    return xp.asarray([table[v] for v in values], device=device(values))
                       ~~~~~^^^
  File "/home/progifrogi/PycharmProjects/Agentic-Modeling-Operational-Engineering-Beta-Application/.venv/lib/python3.11/site-packages/sklearn/utils/_encode.py", line 161, in __missing__
    raise KeyError(key)
KeyError: 'Amazing 4 Bedrooms 4 Bathrooms sleeps 9'

During handling of the above exception, another exception occurred:

Traceback (most recent call last):
  File "/tmp/tmp21v7_dy6.py", line 69, in <module>
    train_df[col] = label_encoders[col].transform(test_df[col])
                    ^^^^^^^^^^^^^^^^^^^^^^^^^^^^^^^^^^^^^^^^^^^
  File "/home/progifrogi/PycharmProjects/Agentic-Modeling-Operational-Engineering-Beta-Application/.venv/lib/python3.11/site-packages/sklearn/preprocessing/_label.py", line 144, in transform
    return _encode(y, uniques=self.classes_)
           ^^^^^^^^^^^^^^^^^^^^^^^^^^^^^^^^^
  File "/home/progifrogi/PycharmProjects/Agentic-Modeling-Operational-Engineering-Beta-Application/.venv/lib/python3.11/site-packages/sklearn/utils/_encode.py", line 231, in _encode
    raise ValueError(f"y contains previously unseen labels: {e}")
ValueError: y contains previously unseen labels: 'Amazing 4 Bedrooms 4 Bathrooms sleeps 9'
Please provide correct code. Output only the code, no explanations.

2026-03-28 23:41:56,634 - INFO - Coder Response: import pandas as pd
from sklearn.preprocessing import StandardScaler, LabelEncoder
from sklearn.impute import SimpleImputer

# Load data
train_df = pd.read_csv('train.csv')
test_df = pd.read_csv('test.csv')

# Print initial shapes and memory usage
print("Initial Train Shape:", train_df.shape)
print("Initial Test Shape:", test_df.shape)
print("Train Memory Usage:\n", train_df.memory_usage(deep=True))
print("Test Memory Usage:\n", test_df.memory_usage(deep=True))

# Identify target variable
target_col = 'target'
numerical_cols_train = [c for c in train_df.columns if train_df[c].dtype != 'object' and c != target_col]
categorical_cols_train = [c for c in train_df.columns if train_df[c].dtype == 'object']

# Handle missing values for train data
num_imputer = SimpleImputer(strategy='median')
cat_imputer = SimpleImputer(strategy='most_frequent')

train_df[numerical_cols_train] = num_imputer.fit_transform(train_df[numerical_cols_train])
train_df[categorical_cols_train] = cat_imputer.fit_transform(train_df[categorical_cols_train])

# Handle missing values for test data
numerical_cols_test = [c for c in test_df.columns if test_df[c].dtype != 'object']
categorical_cols_test = [c for c in test_df.columns if test_df[c].dtype == 'object']

test_df[numerical_cols_test] = num_imputer.transform(test_df[numerical_cols_test])
test_df[categorical_cols_test] = cat_imputer.transform(test_df[categorical_cols_test])

# Print shapes and memory usage after imputation
print("Train Shape after Imputation:", train_df.shape)
print("Test Shape after Imputation:", test_df.shape)
print("Train Memory Usage after Imputation:\n", train_df.memory_usage(deep=True))
print("Test Memory Usage after Imputation:\n", test_df.memory_usage(deep=True))

# Encode categorical variables
label_encoders = {}
for col in categorical_cols_train:
    le = LabelEncoder()
    train_df[col] = le.fit_transform(train_df[col])
    label_encoders[col] = le

for col in categorical_cols_test:
    # Ensure all categories in test data are seen in train data
    unseen_categories = set(test_df[col]) - set(label_encoders[col].classes_)
    if unseen_categories:
        for category in unseen_categories:
            label_encoders[col].classes_ = np.append(label_encoders[col].classes_, category)
    test_df[col] = label_encoders[col].transform(test_df[col])

# Print shapes and memory usage after encoding
print("Train Shape after Encoding:", train_df.shape)
print("Test Shape after Encoding:", test_df.shape)
print("Train Memory Usage after Encoding:\n", train_df.memory_usage(deep=True))
print("Test Memory Usage after Encoding:\n", test_df.memory_usage(deep=True))

# Scale numerical features
scaler = StandardScaler()
train_df[numerical_cols_train] = scaler.fit_transform(train_df[numerical_cols_train])
test_df[numerical_cols_test] = scaler.transform(test_df[numerical_cols_test])

# Print shapes and memory usage after scaling
print("Train Shape after Scaling:", train_df.shape)
print("Test Shape after Scaling:", test_df.shape)
print("Train Memory Usage after Scaling:\n", train_df.memory_usage(deep=True))
print("Test Memory Usage after Scaling:\n", test_df.memory_usage(deep=True))

# Save processed data back to files
train_df.to_csv('train.csv', index=False)
test_df.to_csv('test.csv', index=False)

print("Data processing complete. Files saved.")
2026-03-28 23:41:58,189 - INFO - Code executed unsuccessfully: Traceback (most recent call last):
  File "/tmp/tmpbd040iqd.py", line 73, in <module>
    label_encoders[col].classes_ = np.append(label_encoders[col].classes_, category)
                                   ^^
NameError: name 'np' is not defined
2026-03-28 23:42:18,429 - INFO - Coder Request: The following code had an error:
import pandas as pd
from sklearn.preprocessing import StandardScaler, LabelEncoder
from sklearn.impute import SimpleImputer

# Load data
train_df = pd.read_csv('train.csv')
test_df = pd.read_csv('test.csv')

# Print initial shapes and memory usage
print("Initial Train Shape:", train_df.shape)
print("Initial Test Shape:", test_df.shape)
print("Train Memory Usage:\n", train_df.memory_usage(deep=True))
print("Test Memory Usage:\n", test_df.memory_usage(deep=True))

# Identify target variable
target_col = 'target'
numerical_cols_train = [c for c in train_df.columns if train_df[c].dtype != 'object' and c != target_col]
categorical_cols_train = [c for c in train_df.columns if train_df[c].dtype == 'object']

# Handle missing values for train data
num_imputer = SimpleImputer(strategy='median')
cat_imputer = SimpleImputer(strategy='most_frequent')

train_df[numerical_cols_train] = num_imputer.fit_transform(train_df[numerical_cols_train])
train_df[categorical_cols_train] = cat_imputer.fit_transform(train_df[categorical_cols_train])

# Handle missing values for test data
numerical_cols_test = [c for c in test_df.columns if test_df[c].dtype != 'object']
categorical_cols_test = [c for c in test_df.columns if test_df[c].dtype == 'object']

test_df[numerical_cols_test] = num_imputer.transform(test_df[numerical_cols_test])
test_df[categorical_cols_test] = cat_imputer.transform(test_df[categorical_cols_test])

# Print shapes and memory usage after imputation
print("Train Shape after Imputation:", train_df.shape)
print("Test Shape after Imputation:", test_df.shape)
print("Train Memory Usage after Imputation:\n", train_df.memory_usage(deep=True))
print("Test Memory Usage after Imputation:\n", test_df.memory_usage(deep=True))

# Encode categorical variables
label_encoders = {}
for col in categorical_cols_train:
    le = LabelEncoder()
    train_df[col] = le.fit_transform(train_df[col])
    label_encoders[col] = le

for col in categorical_cols_test:
    # Ensure all categories in test data are seen in train data
    unseen_categories = set(test_df[col]) - set(label_encoders[col].classes_)
    if unseen_categories:
        for category in unseen_categories:
            label_encoders[col].classes_ = np.append(label_encoders[col].classes_, category)
    test_df[col] = label_encoders[col].transform(test_df[col])

# Print shapes and memory usage after encoding
print("Train Shape after Encoding:", train_df.shape)
print("Test Shape after Encoding:", test_df.shape)
print("Train Memory Usage after Encoding:\n", train_df.memory_usage(deep=True))
print("Test Memory Usage after Encoding:\n", test_df.memory_usage(deep=True))

# Scale numerical features
scaler = StandardScaler()
train_df[numerical_cols_train] = scaler.fit_transform(train_df[numerical_cols_train])
test_df[numerical_cols_test] = scaler.transform(test_df[numerical_cols_test])

# Print shapes and memory usage after scaling
print("Train Shape after Scaling:", train_df.shape)
print("Test Shape after Scaling:", test_df.shape)
print("Train Memory Usage after Scaling:\n", train_df.memory_usage(deep=True))
print("Test Memory Usage after Scaling:\n", test_df.memory_usage(deep=True))

# Save processed data back to files
train_df.to_csv('train.csv', index=False)
test_df.to_csv('test.csv', index=False)

print("Data processing complete. Files saved.")
Error: Traceback (most recent call last):
  File "/tmp/tmpbd040iqd.py", line 73, in <module>
    label_encoders[col].classes_ = np.append(label_encoders[col].classes_, category)
                                   ^^
NameError: name 'np' is not defined
Please provide correct code. Output only the code, no explanations.

2026-03-28 23:42:18,429 - INFO - Coder Response: import pandas as pd
from sklearn.preprocessing import StandardScaler, LabelEncoder
from sklearn.impute import SimpleImputer
import numpy as np

# Load data
train_df = pd.read_csv('train.csv')
test_df = pd.read_csv('test.csv')

# Print initial shapes and memory usage
print("Initial Train Shape:", train_df.shape)
print("Initial Test Shape:", test_df.shape)
print("Train Memory Usage:\n", train_df.memory_usage(deep=True))
print("Test Memory Usage:\n", test_df.memory_usage(deep=True))

# Identify target variable
target_col = 'target'
numerical_cols_train = [c for c in train_df.columns if train_df[c].dtype != 'object' and c != target_col]
categorical_cols_train = [c for c in train_df.columns if train_df[c].dtype == 'object']

# Handle missing values for train data
num_imputer = SimpleImputer(strategy='median')
cat_imputer = SimpleImputer(strategy='most_frequent')

train_df[numerical_cols_train] = num_imputer.fit_transform(train_df[numerical_cols_train])
train_df[categorical_cols_train] = cat_imputer.fit_transform(train_df[categorical_cols_train])

# Handle missing values for test data
numerical_cols_test = [c for c in test_df.columns if test_df[c].dtype != 'object']
categorical_cols_test = [c for c in test_df.columns if test_df[c].dtype == 'object']

test_df[numerical_cols_test] = num_imputer.transform(test_df[numerical_cols_test])
test_df[categorical_cols_test] = cat_imputer.transform(test_df[categorical_cols_test])

# Print shapes and memory usage after imputation
print("Train Shape after Imputation:", train_df.shape)
print("Test Shape after Imputation:", test_df.shape)
print("Train Memory Usage after Imputation:\n", train_df.memory_usage(deep=True))
print("Test Memory Usage after Imputation:\n", test_df.memory_usage(deep=True))

# Encode categorical variables
label_encoders = {}
for col in categorical_cols_train:
    le = LabelEncoder()
    train_df[col] = le.fit_transform(train_df[col])
    label_encoders[col] = le

for col in categorical_cols_test:
    # Ensure all categories in test data are seen in train data
    unseen_categories = set(test_df[col]) - set(label_encoders[col].classes_)
    if unseen_categories:
        for category in unseen_categories:
            label_encoders[col].classes_ = np.append(label_encoders[col].classes_, category)
    test_df[col] = label_encoders[col].transform(test_df[col])

# Print shapes and memory usage after encoding
print("Train Shape after Encoding:", train_df.shape)
print("Test Shape after Encoding:", test_df.shape)
print("Train Memory Usage after Encoding:\n", train_df.memory_usage(deep=True))
print("Test Memory Usage after Encoding:\n", test_df.memory_usage(deep=True))

# Scale numerical features
scaler = StandardScaler()
train_df[numerical_cols_train] = scaler.fit_transform(train_df[numerical_cols_train])
test_df[numerical_cols_test] = scaler.transform(test_df[numerical_cols_test])

# Print shapes and memory usage after scaling
print("Train Shape after Scaling:", train_df.shape)
print("Test Shape after Scaling:", test_df.shape)
print("Train Memory Usage after Scaling:\n", train_df.memory_usage(deep=True))
print("Test Memory Usage after Scaling:\n", test_df.memory_usage(deep=True))

# Save processed data back to files
train_df.to_csv('train.csv', index=False)
test_df.to_csv('test.csv', index=False)

print("Data processing complete. Files saved.")
2026-03-28 23:42:22,140 - INFO - Code executed successfully! Results saved to execution_results/_    Work with files in the session directory_ ses
2026-03-28 23:42:22,142 - INFO - [Wrapper] Coder finished.
2026-03-28 23:42:22,142 - INFO - [Wrapper] Response: Current working directory: /home/progifrogi/PycharmProjects/Agentic-Modeling-Operational-Engineering-Beta-Application/sessions/session_20260328_233834
Files in current directory: ['execution_results', 'model.pkl', 'train.csv', 'predictions.csv', 'sample_submition.csv', 'competition_info.json', 'test.csv', 'solution.csv']
Initial Train Shape: (36671, 15)
Initial Test Shape: (12224, 14)
Train Memory Usage:
 Index                   132
name                3493132
_id                  293368
host_na...
2026-03-28 23:42:23,553 - INFO - AnalyticREQUEST: 
You are a professional data analyst working with files in the session directory.

Current session directory: sessions/session_20260328_233834
Files available: ['model.pkl', 'train.csv', 'predictions.csv', 'sample_submition.csv', 'competition_info.json', 'test.csv', 'solution.csv']

Current dataset state:
Train data: 36671 rows, 15 columns
Test data: 12224 rows, 14 columns

Dataset description from author: 
Dataset Description
# Files
train.csv - the training set
test.csv - the test set
sample_s...
2026-03-28 23:42:23,553 - INFO - AnalyticRESPONSE: ```json
{
  "data_planner_request": "",
  "satisfy_rate": 1.0
}
```
2026-03-28 23:42:23,553 - INFO - Parsed satisfy_rate: 1.0, done: True
2026-03-28 23:42:23,554 - INFO - Starting training phase...
2026-03-28 23:42:34,379 - INFO - Training plan generated: {}
2026-03-28 23:42:50,019 - INFO - Coder Request: 
    Write Python code for the following task:

Write Python code to train a model on the data.

IMPORTANT: You are ALREADY in the session directory. Use relative paths like 'train.csv', not absolute paths.

CRITICAL INFORMATION:
- Target column name is: 'target'
- Task type: regression
- Evaluation metric: MSE

Requirements:
1. Load data from: 'train.csv' and 'test.csv' (use relative paths)
2. Target column: 'target'
3. Task type: regression (metric: MSE)
4. Configuration: {}
5. Save trained model to: 'model.pkl' (use joblib.dump)
6. Save predictions on test data to: 'predictions.csv'
7. Calculate and print model score on validation set
8. Print feature importance if applicable

Rules:
- Use memory-efficient code
- Use pandas fillna() for missing values (NOT sklearn imputers if possible)
- For categorical columns with >50 unique values, use frequency encoding
- For categorical columns with <=50 unique values, use LabelEncoder
- Scale numerical features with StandardScaler
- Use train/val split (80/20)
- Save model with joblib.dump
- Print all metrics
- DO NOT use .ravel() - y is already 1D

Output ONLY the Python code, no explanations.

Important: When generating code, ensure:
    - Use proper spacing: "import pandas as pd" not "import pandasaspd"
    - Add spaces after commas: "func(arg1, arg2)" not "func(arg1,arg2)"
    - Put each statement on a new line
    - Use proper indentation (4 spaces per level)
    - Ensure the code runs without errors and outputs meaningful results.
    - If using sklearn, use sparse_output=False instead of sparse=False for OneHotEncoder (newer sklearn versions)
    - Use .ravel() when assigning imputed values to avoid dimension issues
    - Don't use matplotlib or seaborn for visualizations
    
    1. Memory efficiency is KEY - work with large datasets (36k rows, 15 columns)
    2. DO NOT create explosion of features - avoid OneHotEncoder on high-cardinality columns
    3. For columns with > 50 unique values, use:
       - Label Encoding, or
       - Frequency encoding, or
       - Keep as-is (if meaningful for model like text)
    4. Always print shapes and memory usage after operations
    5. Handle missing values simply:
       - Numerical: fill with median/mean
       - Categorical: fill with "Unknown" or mode
    6. For datetime: extract useful features (year, month, day, dayofweek)
    7. Use StandardScaler for numerical features
    8. Save processed files with .to_csv(index=False)
    9. Print progress messages
    10. **TEST DATA DOES NOT HAVE 'target' COLUMN** - This is the most important rule!
       - Always exclude 'target' from numerical_cols when processing test data
       - Use: numerical_cols_train = [c for c in numerical_cols if c != 'target']
       - For test: use the same columns as train WITHOUT 'target'
    REMEMBER - in test.csv not 'target'
    Output only the code, no explanations.
    
2026-03-28 23:42:50,019 - INFO - Coder Response: import pandas as pd
from sklearn.model_selection import train_test_split
from sklearn.preprocessing import StandardScaler, LabelEncoder
from sklearn.metrics import mean_squared_error
from sklearn.ensemble import RandomForestRegressor
import joblib

# Load data
train_df = pd.read_csv('train.csv')
test_df = pd.read_csv('test.csv')

# Separate target and features
X_train = train_df.drop(columns=['target'])
y_train = train_df['target']

# Handle missing values
numerical_cols = X_train.select_dtypes(include='number').columns.tolist()
categorical_cols = X_train.select_dtypes(include='object').columns.tolist()

for col in numerical_cols:
    median_val = X_train[col].median()
    X_train[col].fillna(median_val, inplace=True)
    test_df[col].fillna(median_val, inplace=True)

for col in categorical_cols:
    mode_val = X_train[col].mode()[0]
    X_train[col].fillna(mode_val, inplace=True)
    test_df[col].fillna(mode_val, inplace=True)

# Encode categorical columns
for col in categorical_cols:
    if X_train[col].nunique() > 50:
        freq_map = X_train[col].value_counts(normalize=True).to_dict()
        X_train[col] = X_train[col].map(freq_map)
        test_df[col] = test_df[col].map(freq_map)
    else:
        le = LabelEncoder()
        X_train[col] = le.fit_transform(X_train[col])
        test_df[col] = le.transform(test_df[col])

# Scale numerical features
scaler = StandardScaler()
X_train[numerical_cols] = scaler.fit_transform(X_train[numerical_cols])
test_df[numerical_cols] = scaler.transform(test_df[numerical_cols])

# Train/val split
X_train, X_val, y_train, y_val = train_test_split(X_train, y_train, test_size=0.2, random_state=42)

# Train model
model = RandomForestRegressor(random_state=42)
model.fit(X_train, y_train)

# Predict on validation set
y_pred_val = model.predict(X_val)
mse_val = mean_squared_error(y_val, y_pred_val)
print(f'Validation MSE: {mse_val}')

# Save model
joblib.dump(model, 'model.pkl')

# Predict on test data
test_predictions = model.predict(test_df)
predictions_df = pd.DataFrame({'id': range(len(test_predictions)), 'target': test_predictions})
predictions_df.to_csv('predictions.csv', index=False)

# Print feature importance if applicable
if hasattr(model, 'feature_importances_'):
    importances = model.feature_importances_
    feature_importance_df = pd.DataFrame({'feature': X_train.columns, 'importance': importances})
    print(feature_importance_df.sort_values(by='importance', ascending=False))
2026-03-28 23:43:12,433 - INFO - Code executed successfully! Results saved to execution_results/_Write Python code to train a model on the data.__
2026-03-28 23:43:12,716 - INFO - Starting validation phase...
2026-03-28 23:43:17,340 - INFO - Submitting to Kaggle...
2026-03-28 23:43:22,738 - INFO - Starting data processing phase...
2026-03-28 23:43:22,881 - INFO - AnalyticREQUEST: 
    You are a professional data analyst working with files in the session directory.

    Current session directory: sessions/session_20260328_233834
    Files available: ['model.pkl', 'train.csv', 'predictions.csv', 'sample_submition.csv', 'competition_info.json', 'test.csv', 'solution.csv']

    Dataset info:
    Train data: 36671 rows, 15 columns
    Test data: 12224 rows, 14 columns

    Dataset description from author: 
    Dataset Description
# Files
train.csv - the training set
test.csv - the test set
sample_submission.csv - a sample submission file in the correct format
# Columns
name: название объекта
_id: уникальный идентификатор
host_name: имя владельца или хоста, который предоставляет жилье
location_cluster: кластеризация местоположений (например, группировка объектов по районам или зонам).
location: описание местоположения объекта
lat, lon: широта и долгота местоположения объекта.
type_house: тип жилья
sum: общая стоимость аренды или сумма за определенный период.
min_days: минимальное количество дней для бронирования объекта.
amt_reviews: количество отзывов, оставленных для данного объекта.
last_dt: дата последнего отзыва или последнего бронирования.
avg_reviews: средний рейтинг или среднее количество отзывов за определенный период.
total_host: общее количество объектов, принадлежащих одному хосту
target: целевая переменная

# Overview
Соревнование в рамках курса от МТС. Задача: предсказание дней занятости (или простоя) аренды недвижимости.

# Description
Соревнование по задаче регрессии

# Evaluation
Оценка по метрике MSE

    History:
    It's your first try

    IMPORTANT:
    - All your operations should work with files in the session directory
    - You can modify train.csv and test.csv directly
    - The files will be automatically saved after each operation
    - Use the session directory for all file operations
    - The data worker will execute code in the session directory

    Rate your confidence (0-1) that the data is ready for model training.
    If rate > 0.9, we proceed to model training.

    Give response in json with fields:
    - data_planner_request: str with commands for data_worker
    - satisfy_rate: float
    
2026-03-28 23:43:24,749 - INFO - AnalyticRESPONSE: ```json
{
  "data_planner_request": "Check the distribution of target variable and handle any missing values or outliers. Also, perform exploratory data analysis to understand the relationships between different features.",
  "satisfy_rate": 0.85
}
```
2026-03-28 23:43:24,750 - INFO - [Wrapper] Running coder with task:

    Work with files in the session directory: sessions/session_20260328_233834

    Available files: ['model.pkl', 'train.csv', 'predictions.csv', 'sample_submition.csv', 'competition_info.json', 'test.csv', 'solution.csv']

    Task: Check the distribution of target variable and handle any missing values or outliers. Also, perform exploratory data analysis to understand the relationships between different features.

    Instructions:
    1. Load data from the session directory files (train.csv, test.csv)
    2. Perform required transformations
    3. Save the processed data back to the same files (overwrite)
    4. You can create additional files if needed (they will be saved in the session directory)

    Important:
    - All file operations should use paths relative to the session directory
    - The session directory is: sessions/session_20260328_233834
    - You can use: pd.read_csv('train.csv') - it will work from the session directory
    - After processing, save back using: df.to_csv('train.csv', index=False)

    The system will automatically use the updated files for the next steps.
    
2026-03-28 23:43:43,114 - INFO - Coder Request: 
    Write Python code for the following task:

    Work with files in the session directory: sessions/session_20260328_233834

    Available files: ['model.pkl', 'train.csv', 'predictions.csv', 'sample_submition.csv', 'competition_info.json', 'test.csv', 'solution.csv']

    Task: Check the distribution of target variable and handle any missing values or outliers. Also, perform exploratory data analysis to understand the relationships between different features.

    Instructions:
    1. Load data from the session directory files (train.csv, test.csv)
    2. Perform required transformations
    3. Save the processed data back to the same files (overwrite)
    4. You can create additional files if needed (they will be saved in the session directory)

    Important:
    - All file operations should use paths relative to the session directory
    - The session directory is: sessions/session_20260328_233834
    - You can use: pd.read_csv('train.csv') - it will work from the session directory
    - After processing, save back using: df.to_csv('train.csv', index=False)

    The system will automatically use the updated files for the next steps.
    
Important: When generating code, ensure:
    - Use proper spacing: "import pandas as pd" not "import pandasaspd"
    - Add spaces after commas: "func(arg1, arg2)" not "func(arg1,arg2)"
    - Put each statement on a new line
    - Use proper indentation (4 spaces per level)
    - Ensure the code runs without errors and outputs meaningful results.
    - If using sklearn, use sparse_output=False instead of sparse=False for OneHotEncoder (newer sklearn versions)
    - Use .ravel() when assigning imputed values to avoid dimension issues
    - Don't use matplotlib or seaborn for visualizations
    
    1. Memory efficiency is KEY - work with large datasets (36k rows, 15 columns)
    2. DO NOT create explosion of features - avoid OneHotEncoder on high-cardinality columns
    3. For columns with > 50 unique values, use:
       - Label Encoding, or
       - Frequency encoding, or
       - Keep as-is (if meaningful for model like text)
    4. Always print shapes and memory usage after operations
    5. Handle missing values simply:
       - Numerical: fill with median/mean
       - Categorical: fill with "Unknown" or mode
    6. For datetime: extract useful features (year, month, day, dayofweek)
    7. Use StandardScaler for numerical features
    8. Save processed files with .to_csv(index=False)
    9. Print progress messages
    10. **TEST DATA DOES NOT HAVE 'target' COLUMN** - This is the most important rule!
       - Always exclude 'target' from numerical_cols when processing test data
       - Use: numerical_cols_train = [c for c in numerical_cols if c != 'target']
       - For test: use the same columns as train WITHOUT 'target'
    REMEMBER - in test.csv not 'target'
    Output only the code, no explanations.
    
2026-03-28 23:43:43,114 - INFO - Coder Response: import pandas as pd
from sklearn.preprocessing import StandardScaler, LabelEncoder
from sklearn.impute import SimpleImputer

# Load data
train_df = pd.read_csv('train.csv')
test_df = pd.read_csv('test.csv')

# Print initial shapes and memory usage
print("Initial Train Shape:", train_df.shape)
print("Initial Test Shape:", test_df.shape)
print("Train Memory Usage:\n", train_df.memory_usage(deep=True))
print("Test Memory Usage:\n", test_df.memory_usage(deep=True))

# Identify target variable
target_col = 'target'
numerical_cols_train = [c for c in train_df.columns if train_df[c].dtype != 'object' and c != target_col]
categorical_cols_train = [c for c in train_df.columns if train_df[c].dtype == 'object']

# Handle missing values for train data
num_imputer = SimpleImputer(strategy='median')
cat_imputer = SimpleImputer(strategy='most_frequent')

train_df[numerical_cols_train] = num_imputer.fit_transform(train_df[numerical_cols_train])
train_df[categorical_cols_train] = cat_imputer.fit_transform(train_df[categorical_cols_train])

# Handle missing values for test data
numerical_cols_test = [c for c in test_df.columns if test_df[c].dtype != 'object']
categorical_cols_test = [c for c in test_df.columns if test_df[c].dtype == 'object']

test_df[numerical_cols_test] = num_imputer.transform(test_df[numerical_cols_test])
test_df[categorical_cols_test] = cat_imputer.transform(test_df[categorical_cols_test])

# Print shapes and memory usage after imputation
print("Train Shape after Imputation:", train_df.shape)
print("Test Shape after Imputation:", test_df.shape)
print("Train Memory Usage after Imputation:\n", train_df.memory_usage(deep=True))
print("Test Memory Usage after Imputation:\n", test_df.memory_usage(deep=True))

# Encode categorical variables
label_encoders = {}
for col in categorical_cols_train:
    le = LabelEncoder()
    train_df[col] = le.fit_transform(train_df[col])
    label_encoders[col] = le

for col in categorical_cols_test:
    train_df[col] = label_encoders[col].transform(test_df[col])

# Print shapes and memory usage after encoding
print("Train Shape after Encoding:", train_df.shape)
print("Test Shape after Encoding:", test_df.shape)
print("Train Memory Usage after Encoding:\n", train_df.memory_usage(deep=True))
print("Test Memory Usage after Encoding:\n", test_df.memory_usage(deep=True))

# Scale numerical features
scaler = StandardScaler()
train_df[numerical_cols_train] = scaler.fit_transform(train_df[numerical_cols_train])
test_df[numerical_cols_test] = scaler.transform(test_df[numerical_cols_test])

# Print shapes and memory usage after scaling
print("Train Shape after Scaling:", train_df.shape)
print("Test Shape after Scaling:", test_df.shape)
print("Train Memory Usage after Scaling:\n", train_df.memory_usage(deep=True))
print("Test Memory Usage after Scaling:\n", test_df.memory_usage(deep=True))

# Save processed data back to files
train_df.to_csv('train.csv', index=False)
test_df.to_csv('test.csv', index=False)

print("Data processing complete. Files saved.")
2026-03-28 23:43:44,452 - INFO - Code executed unsuccessfully: Traceback (most recent call last):
  File "/tmp/tmpnjeu6osi.py", line 46, in <module>
    train_df[categorical_cols_train] = cat_imputer.fit_transform(train_df[categorical_cols_train])
                                       ^^^^^^^^^^^^^^^^^^^^^^^^^^^^^^^^^^^^^^^^^^^^^^^^^^^^^^^^^^^
  File "/home/progifrogi/PycharmProjects/Agentic-Modeling-Operational-Engineering-Beta-Application/.venv/lib/python3.11/site-packages/sklearn/utils/_set_output.py", line 316, in wrapped
    data_to_wrap = f(self, X, *args, **kwargs)
                   ^^^^^^^^^^^^^^^^^^^^^^^^^^^
  File "/home/progifrogi/PycharmProjects/Agentic-Modeling-Operational-Engineering-Beta-Application/.venv/lib/python3.11/site-packages/sklearn/base.py", line 907, in fit_transform
    return self.fit(X, **fit_params).transform(X)
           ^^^^^^^^^^^^^^^^^^^^^^^^^
  File "/home/progifrogi/PycharmProjects/Agentic-Modeling-Operational-Engineering-Beta-Application/.venv/lib/python3.11/site-packages/sklearn/base.py", line 1336, in wrapper
    return fit_method(estimator, *args, **kwargs)
           ^^^^^^^^^^^^^^^^^^^^^^^^^^^^^^^^^^^^^^
  File "/home/progifrogi/PycharmProjects/Agentic-Modeling-Operational-Engineering-Beta-Application/.venv/lib/python3.11/site-packages/sklearn/impute/_base.py", line 447, in fit
    X = self._validate_input(X, in_fit=True)
        ^^^^^^^^^^^^^^^^^^^^^^^^^^^^^^^^^^^^
  File "/home/progifrogi/PycharmProjects/Agentic-Modeling-Operational-Engineering-Beta-Application/.venv/lib/python3.11/site-packages/sklearn/impute/_base.py", line 374, in _validate_input
    raise ve
  File "/home/progifrogi/PycharmProjects/Agentic-Modeling-Operational-Engineering-Beta-Application/.venv/lib/python3.11/site-packages/sklearn/impute/_base.py", line 355, in _validate_input
    X = validate_data(
        ^^^^^^^^^^^^^^
  File "/home/progifrogi/PycharmProjects/Agentic-Modeling-Operational-Engineering-Beta-Application/.venv/lib/python3.11/site-packages/sklearn/utils/validation.py", line 2902, in validate_data
    out = check_array(X, input_name="X", **check_params)
          ^^^^^^^^^^^^^^^^^^^^^^^^^^^^^^^^^^^^^^^^^^^^^^
  File "/home/progifrogi/PycharmProjects/Agentic-Modeling-Operational-Engineering-Beta-Application/.venv/lib/python3.11/site-packages/sklearn/utils/validation.py", line 898, in check_array
    dtype_orig = np.result_type(*dtypes_orig)
                 ^^^^^^^^^^^^^^^^^^^^^^^^^^^^
ValueError: at least one array or dtype is required
2026-03-28 23:44:02,741 - INFO - Coder Request: The following code had an error:
import pandas as pd
from sklearn.preprocessing import StandardScaler, LabelEncoder
from sklearn.impute import SimpleImputer

# Load data
train_df = pd.read_csv('train.csv')
test_df = pd.read_csv('test.csv')

# Print initial shapes and memory usage
print("Initial Train Shape:", train_df.shape)
print("Initial Test Shape:", test_df.shape)
print("Train Memory Usage:\n", train_df.memory_usage(deep=True))
print("Test Memory Usage:\n", test_df.memory_usage(deep=True))

# Identify target variable
target_col = 'target'
numerical_cols_train = [c for c in train_df.columns if train_df[c].dtype != 'object' and c != target_col]
categorical_cols_train = [c for c in train_df.columns if train_df[c].dtype == 'object']

# Handle missing values for train data
num_imputer = SimpleImputer(strategy='median')
cat_imputer = SimpleImputer(strategy='most_frequent')

train_df[numerical_cols_train] = num_imputer.fit_transform(train_df[numerical_cols_train])
train_df[categorical_cols_train] = cat_imputer.fit_transform(train_df[categorical_cols_train])

# Handle missing values for test data
numerical_cols_test = [c for c in test_df.columns if test_df[c].dtype != 'object']
categorical_cols_test = [c for c in test_df.columns if test_df[c].dtype == 'object']

test_df[numerical_cols_test] = num_imputer.transform(test_df[numerical_cols_test])
test_df[categorical_cols_test] = cat_imputer.transform(test_df[categorical_cols_test])

# Print shapes and memory usage after imputation
print("Train Shape after Imputation:", train_df.shape)
print("Test Shape after Imputation:", test_df.shape)
print("Train Memory Usage after Imputation:\n", train_df.memory_usage(deep=True))
print("Test Memory Usage after Imputation:\n", test_df.memory_usage(deep=True))

# Encode categorical variables
label_encoders = {}
for col in categorical_cols_train:
    le = LabelEncoder()
    train_df[col] = le.fit_transform(train_df[col])
    label_encoders[col] = le

for col in categorical_cols_test:
    train_df[col] = label_encoders[col].transform(test_df[col])

# Print shapes and memory usage after encoding
print("Train Shape after Encoding:", train_df.shape)
print("Test Shape after Encoding:", test_df.shape)
print("Train Memory Usage after Encoding:\n", train_df.memory_usage(deep=True))
print("Test Memory Usage after Encoding:\n", test_df.memory_usage(deep=True))

# Scale numerical features
scaler = StandardScaler()
train_df[numerical_cols_train] = scaler.fit_transform(train_df[numerical_cols_train])
test_df[numerical_cols_test] = scaler.transform(test_df[numerical_cols_test])

# Print shapes and memory usage after scaling
print("Train Shape after Scaling:", train_df.shape)
print("Test Shape after Scaling:", test_df.shape)
print("Train Memory Usage after Scaling:\n", train_df.memory_usage(deep=True))
print("Test Memory Usage after Scaling:\n", test_df.memory_usage(deep=True))

# Save processed data back to files
train_df.to_csv('train.csv', index=False)
test_df.to_csv('test.csv', index=False)

print("Data processing complete. Files saved.")
Error: Traceback (most recent call last):
  File "/tmp/tmpnjeu6osi.py", line 46, in <module>
    train_df[categorical_cols_train] = cat_imputer.fit_transform(train_df[categorical_cols_train])
                                       ^^^^^^^^^^^^^^^^^^^^^^^^^^^^^^^^^^^^^^^^^^^^^^^^^^^^^^^^^^^
  File "/home/progifrogi/PycharmProjects/Agentic-Modeling-Operational-Engineering-Beta-Application/.venv/lib/python3.11/site-packages/sklearn/utils/_set_output.py", line 316, in wrapped
    data_to_wrap = f(self, X, *args, **kwargs)
                   ^^^^^^^^^^^^^^^^^^^^^^^^^^^
  File "/home/progifrogi/PycharmProjects/Agentic-Modeling-Operational-Engineering-Beta-Application/.venv/lib/python3.11/site-packages/sklearn/base.py", line 907, in fit_transform
    return self.fit(X, **fit_params).transform(X)
           ^^^^^^^^^^^^^^^^^^^^^^^^^
  File "/home/progifrogi/PycharmProjects/Agentic-Modeling-Operational-Engineering-Beta-Application/.venv/lib/python3.11/site-packages/sklearn/base.py", line 1336, in wrapper
    return fit_method(estimator, *args, **kwargs)
           ^^^^^^^^^^^^^^^^^^^^^^^^^^^^^^^^^^^^^^
  File "/home/progifrogi/PycharmProjects/Agentic-Modeling-Operational-Engineering-Beta-Application/.venv/lib/python3.11/site-packages/sklearn/impute/_base.py", line 447, in fit
    X = self._validate_input(X, in_fit=True)
        ^^^^^^^^^^^^^^^^^^^^^^^^^^^^^^^^^^^^
  File "/home/progifrogi/PycharmProjects/Agentic-Modeling-Operational-Engineering-Beta-Application/.venv/lib/python3.11/site-packages/sklearn/impute/_base.py", line 374, in _validate_input
    raise ve
  File "/home/progifrogi/PycharmProjects/Agentic-Modeling-Operational-Engineering-Beta-Application/.venv/lib/python3.11/site-packages/sklearn/impute/_base.py", line 355, in _validate_input
    X = validate_data(
        ^^^^^^^^^^^^^^
  File "/home/progifrogi/PycharmProjects/Agentic-Modeling-Operational-Engineering-Beta-Application/.venv/lib/python3.11/site-packages/sklearn/utils/validation.py", line 2902, in validate_data
    out = check_array(X, input_name="X", **check_params)
          ^^^^^^^^^^^^^^^^^^^^^^^^^^^^^^^^^^^^^^^^^^^^^^
  File "/home/progifrogi/PycharmProjects/Agentic-Modeling-Operational-Engineering-Beta-Application/.venv/lib/python3.11/site-packages/sklearn/utils/validation.py", line 898, in check_array
    dtype_orig = np.result_type(*dtypes_orig)
                 ^^^^^^^^^^^^^^^^^^^^^^^^^^^^
ValueError: at least one array or dtype is required
Please provide correct code. Output only the code, no explanations.

2026-03-28 23:44:02,741 - INFO - Coder Response: import pandas as pd
from sklearn.preprocessing import StandardScaler, LabelEncoder
from sklearn.impute import SimpleImputer

# Load data
train_df = pd.read_csv('train.csv')
test_df = pd.read_csv('test.csv')

# Print initial shapes and memory usage
print("Initial Train Shape:", train_df.shape)
print("Initial Test Shape:", test_df.shape)
print("Train Memory Usage:\n", train_df.memory_usage(deep=True))
print("Test Memory Usage:\n", test_df.memory_usage(deep=True))

# Identify target variable
target_col = 'target'
numerical_cols_train = [c for c in train_df.columns if train_df[c].dtype != 'object' and c != target_col]
categorical_cols_train = [c for c in train_df.columns if train_df[c].dtype == 'object']

# Handle missing values for train data
num_imputer = SimpleImputer(strategy='median')
cat_imputer = SimpleImputer(strategy='most_frequent')

train_df[numerical_cols_train] = num_imputer.fit_transform(train_df[numerical_cols_train])
train_df[categorical_cols_train] = cat_imputer.fit_transform(train_df[categorical_cols_train])

# Handle missing values for test data
numerical_cols_test = [c for c in test_df.columns if test_df[c].dtype != 'object']
categorical_cols_test = [c for c in test_df.columns if test_df[c].dtype == 'object']

test_df[numerical_cols_test] = num_imputer.transform(test_df[numerical_cols_test])
test_df[categorical_cols_test] = cat_imputer.transform(test_df[categorical_cols_test])

# Print shapes and memory usage after imputation
print("Train Shape after Imputation:", train_df.shape)
print("Test Shape after Imputation:", test_df.shape)
print("Train Memory Usage after Imputation:\n", train_df.memory_usage(deep=True))
print("Test Memory Usage after Imputation:\n", test_df.memory_usage(deep=True))

# Encode categorical variables
label_encoders = {}
for col in categorical_cols_train:
    le = LabelEncoder()
    train_df[col] = le.fit_transform(train_df[col])
    label_encoders[col] = le

for col in categorical_cols_test:
    test_df[col] = label_encoders[col].transform(test_df[col])

# Print shapes and memory usage after encoding
print("Train Shape after Encoding:", train_df.shape)
print("Test Shape after Encoding:", test_df.shape)
print("Train Memory Usage after Encoding:\n", train_df.memory_usage(deep=True))
print("Test Memory Usage after Encoding:\n", test_df.memory_usage(deep=True))

# Scale numerical features
scaler = StandardScaler()
train_df[numerical_cols_train] = scaler.fit_transform(train_df[numerical_cols_train])
test_df[numerical_cols_test] = scaler.transform(test_df[numerical_cols_test])

# Print shapes and memory usage after scaling
print("Train Shape after Scaling:", train_df.shape)
print("Test Shape after Scaling:", test_df.shape)
print("Train Memory Usage after Scaling:\n", train_df.memory_usage(deep=True))
print("Test Memory Usage after Scaling:\n", test_df.memory_usage(deep=True))

# Save processed data back to files
train_df.to_csv('train_processed.csv', index=False)
test_df.to_csv('test_processed.csv', index=False)

print("Data processing complete. Files saved.")
2026-03-28 23:44:04,203 - INFO - Code executed unsuccessfully: Traceback (most recent call last):
  File "/tmp/tmpg3zwbxm0.py", line 46, in <module>
    train_df[categorical_cols_train] = cat_imputer.fit_transform(train_df[categorical_cols_train])
                                       ^^^^^^^^^^^^^^^^^^^^^^^^^^^^^^^^^^^^^^^^^^^^^^^^^^^^^^^^^^^
  File "/home/progifrogi/PycharmProjects/Agentic-Modeling-Operational-Engineering-Beta-Application/.venv/lib/python3.11/site-packages/sklearn/utils/_set_output.py", line 316, in wrapped
    data_to_wrap = f(self, X, *args, **kwargs)
                   ^^^^^^^^^^^^^^^^^^^^^^^^^^^
  File "/home/progifrogi/PycharmProjects/Agentic-Modeling-Operational-Engineering-Beta-Application/.venv/lib/python3.11/site-packages/sklearn/base.py", line 907, in fit_transform
    return self.fit(X, **fit_params).transform(X)
           ^^^^^^^^^^^^^^^^^^^^^^^^^
  File "/home/progifrogi/PycharmProjects/Agentic-Modeling-Operational-Engineering-Beta-Application/.venv/lib/python3.11/site-packages/sklearn/base.py", line 1336, in wrapper
    return fit_method(estimator, *args, **kwargs)
           ^^^^^^^^^^^^^^^^^^^^^^^^^^^^^^^^^^^^^^
  File "/home/progifrogi/PycharmProjects/Agentic-Modeling-Operational-Engineering-Beta-Application/.venv/lib/python3.11/site-packages/sklearn/impute/_base.py", line 447, in fit
    X = self._validate_input(X, in_fit=True)
        ^^^^^^^^^^^^^^^^^^^^^^^^^^^^^^^^^^^^
  File "/home/progifrogi/PycharmProjects/Agentic-Modeling-Operational-Engineering-Beta-Application/.venv/lib/python3.11/site-packages/sklearn/impute/_base.py", line 374, in _validate_input
    raise ve
  File "/home/progifrogi/PycharmProjects/Agentic-Modeling-Operational-Engineering-Beta-Application/.venv/lib/python3.11/site-packages/sklearn/impute/_base.py", line 355, in _validate_input
    X = validate_data(
        ^^^^^^^^^^^^^^
  File "/home/progifrogi/PycharmProjects/Agentic-Modeling-Operational-Engineering-Beta-Application/.venv/lib/python3.11/site-packages/sklearn/utils/validation.py", line 2902, in validate_data
    out = check_array(X, input_name="X", **check_params)
          ^^^^^^^^^^^^^^^^^^^^^^^^^^^^^^^^^^^^^^^^^^^^^^
  File "/home/progifrogi/PycharmProjects/Agentic-Modeling-Operational-Engineering-Beta-Application/.venv/lib/python3.11/site-packages/sklearn/utils/validation.py", line 898, in check_array
    dtype_orig = np.result_type(*dtypes_orig)
                 ^^^^^^^^^^^^^^^^^^^^^^^^^^^^
ValueError: at least one array or dtype is required
2026-03-28 23:44:22,491 - INFO - Coder Request: The following code had an error:
import pandas as pd
from sklearn.preprocessing import StandardScaler, LabelEncoder
from sklearn.impute import SimpleImputer

# Load data
train_df = pd.read_csv('train.csv')
test_df = pd.read_csv('test.csv')

# Print initial shapes and memory usage
print("Initial Train Shape:", train_df.shape)
print("Initial Test Shape:", test_df.shape)
print("Train Memory Usage:\n", train_df.memory_usage(deep=True))
print("Test Memory Usage:\n", test_df.memory_usage(deep=True))

# Identify target variable
target_col = 'target'
numerical_cols_train = [c for c in train_df.columns if train_df[c].dtype != 'object' and c != target_col]
categorical_cols_train = [c for c in train_df.columns if train_df[c].dtype == 'object']

# Handle missing values for train data
num_imputer = SimpleImputer(strategy='median')
cat_imputer = SimpleImputer(strategy='most_frequent')

train_df[numerical_cols_train] = num_imputer.fit_transform(train_df[numerical_cols_train])
train_df[categorical_cols_train] = cat_imputer.fit_transform(train_df[categorical_cols_train])

# Handle missing values for test data
numerical_cols_test = [c for c in test_df.columns if test_df[c].dtype != 'object']
categorical_cols_test = [c for c in test_df.columns if test_df[c].dtype == 'object']

test_df[numerical_cols_test] = num_imputer.transform(test_df[numerical_cols_test])
test_df[categorical_cols_test] = cat_imputer.transform(test_df[categorical_cols_test])

# Print shapes and memory usage after imputation
print("Train Shape after Imputation:", train_df.shape)
print("Test Shape after Imputation:", test_df.shape)
print("Train Memory Usage after Imputation:\n", train_df.memory_usage(deep=True))
print("Test Memory Usage after Imputation:\n", test_df.memory_usage(deep=True))

# Encode categorical variables
label_encoders = {}
for col in categorical_cols_train:
    le = LabelEncoder()
    train_df[col] = le.fit_transform(train_df[col])
    label_encoders[col] = le

for col in categorical_cols_test:
    test_df[col] = label_encoders[col].transform(test_df[col])

# Print shapes and memory usage after encoding
print("Train Shape after Encoding:", train_df.shape)
print("Test Shape after Encoding:", test_df.shape)
print("Train Memory Usage after Encoding:\n", train_df.memory_usage(deep=True))
print("Test Memory Usage after Encoding:\n", test_df.memory_usage(deep=True))

# Scale numerical features
scaler = StandardScaler()
train_df[numerical_cols_train] = scaler.fit_transform(train_df[numerical_cols_train])
test_df[numerical_cols_test] = scaler.transform(test_df[numerical_cols_test])

# Print shapes and memory usage after scaling
print("Train Shape after Scaling:", train_df.shape)
print("Test Shape after Scaling:", test_df.shape)
print("Train Memory Usage after Scaling:\n", train_df.memory_usage(deep=True))
print("Test Memory Usage after Scaling:\n", test_df.memory_usage(deep=True))

# Save processed data back to files
train_df.to_csv('train_processed.csv', index=False)
test_df.to_csv('test_processed.csv', index=False)

print("Data processing complete. Files saved.")
Error: Traceback (most recent call last):
  File "/tmp/tmpg3zwbxm0.py", line 46, in <module>
    train_df[categorical_cols_train] = cat_imputer.fit_transform(train_df[categorical_cols_train])
                                       ^^^^^^^^^^^^^^^^^^^^^^^^^^^^^^^^^^^^^^^^^^^^^^^^^^^^^^^^^^^
  File "/home/progifrogi/PycharmProjects/Agentic-Modeling-Operational-Engineering-Beta-Application/.venv/lib/python3.11/site-packages/sklearn/utils/_set_output.py", line 316, in wrapped
    data_to_wrap = f(self, X, *args, **kwargs)
                   ^^^^^^^^^^^^^^^^^^^^^^^^^^^
  File "/home/progifrogi/PycharmProjects/Agentic-Modeling-Operational-Engineering-Beta-Application/.venv/lib/python3.11/site-packages/sklearn/base.py", line 907, in fit_transform
    return self.fit(X, **fit_params).transform(X)
           ^^^^^^^^^^^^^^^^^^^^^^^^^
  File "/home/progifrogi/PycharmProjects/Agentic-Modeling-Operational-Engineering-Beta-Application/.venv/lib/python3.11/site-packages/sklearn/base.py", line 1336, in wrapper
    return fit_method(estimator, *args, **kwargs)
           ^^^^^^^^^^^^^^^^^^^^^^^^^^^^^^^^^^^^^^
  File "/home/progifrogi/PycharmProjects/Agentic-Modeling-Operational-Engineering-Beta-Application/.venv/lib/python3.11/site-packages/sklearn/impute/_base.py", line 447, in fit
    X = self._validate_input(X, in_fit=True)
        ^^^^^^^^^^^^^^^^^^^^^^^^^^^^^^^^^^^^
  File "/home/progifrogi/PycharmProjects/Agentic-Modeling-Operational-Engineering-Beta-Application/.venv/lib/python3.11/site-packages/sklearn/impute/_base.py", line 374, in _validate_input
    raise ve
  File "/home/progifrogi/PycharmProjects/Agentic-Modeling-Operational-Engineering-Beta-Application/.venv/lib/python3.11/site-packages/sklearn/impute/_base.py", line 355, in _validate_input
    X = validate_data(
        ^^^^^^^^^^^^^^
  File "/home/progifrogi/PycharmProjects/Agentic-Modeling-Operational-Engineering-Beta-Application/.venv/lib/python3.11/site-packages/sklearn/utils/validation.py", line 2902, in validate_data
    out = check_array(X, input_name="X", **check_params)
          ^^^^^^^^^^^^^^^^^^^^^^^^^^^^^^^^^^^^^^^^^^^^^^
  File "/home/progifrogi/PycharmProjects/Agentic-Modeling-Operational-Engineering-Beta-Application/.venv/lib/python3.11/site-packages/sklearn/utils/validation.py", line 898, in check_array
    dtype_orig = np.result_type(*dtypes_orig)
                 ^^^^^^^^^^^^^^^^^^^^^^^^^^^^
ValueError: at least one array or dtype is required
Please provide correct code. Output only the code, no explanations.

2026-03-28 23:44:22,491 - INFO - Coder Response: import pandas as pd
from sklearn.preprocessing import StandardScaler, LabelEncoder
from sklearn.impute import SimpleImputer

# Load data
train_df = pd.read_csv('train.csv')
test_df = pd.read_csv('test.csv')

# Print initial shapes and memory usage
print("Initial Train Shape:", train_df.shape)
print("Initial Test Shape:", test_df.shape)
print("Train Memory Usage:\n", train_df.memory_usage(deep=True))
print("Test Memory Usage:\n", test_df.memory_usage(deep=True))

# Identify target variable
target_col = 'target'
numerical_cols_train = [c for c in train_df.columns if train_df[c].dtype != 'object' and c != target_col]
categorical_cols_train = [c for c in train_df.columns if train_df[c].dtype == 'object']

# Handle missing values for train data
num_imputer = SimpleImputer(strategy='median')
cat_imputer = SimpleImputer(strategy='most_frequent')

train_df[numerical_cols_train] = num_imputer.fit_transform(train_df[numerical_cols_train])
train_df[categorical_cols_train] = cat_imputer.fit_transform(train_df[categorical_cols_train])

# Handle missing values for test data
numerical_cols_test = [c for c in test_df.columns if test_df[c].dtype != 'object']
categorical_cols_test = [c for c in test_df.columns if test_df[c].dtype == 'object']

test_df[numerical_cols_test] = num_imputer.transform(test_df[numerical_cols_test])
test_df[categorical_cols_test] = cat_imputer.transform(test_df[categorical_cols_test])

# Print shapes and memory usage after imputation
print("Train Shape after Imputation:", train_df.shape)
print("Test Shape after Imputation:", test_df.shape)
print("Train Memory Usage after Imputation:\n", train_df.memory_usage(deep=True))
print("Test Memory Usage after Imputation:\n", test_df.memory_usage(deep=True))

# Encode categorical variables
label_encoders = {}
for col in categorical_cols_train:
    le = LabelEncoder()
    train_df[col] = le.fit_transform(train_df[col])
    label_encoders[col] = le

for col in categorical_cols_test:
    test_df[col] = label_encoders[col].transform(test_df[col])

# Print shapes and memory usage after encoding
print("Train Shape after Encoding:", train_df.shape)
print("Test Shape after Encoding:", test_df.shape)
print("Train Memory Usage after Encoding:\n", train_df.memory_usage(deep=True))
print("Test Memory Usage after Encoding:\n", test_df.memory_usage(deep=True))

# Scale numerical features
scaler = StandardScaler()
train_df[numerical_cols_train] = scaler.fit_transform(train_df[numerical_cols_train])
test_df[numerical_cols_test] = scaler.transform(test_df[numerical_cols_test])

# Print shapes and memory usage after scaling
print("Train Shape after Scaling:", train_df.shape)
print("Test Shape after Scaling:", test_df.shape)
print("Train Memory Usage after Scaling:\n", train_df.memory_usage(deep=True))
print("Test Memory Usage after Scaling:\n", test_df.memory_usage(deep=True))

# Save processed data back to files
train_df.to_csv('train_processed.csv', index=False)
test_df.to_csv('test_processed.csv', index=False)

print("Data processing complete. Files saved.")
2026-03-28 23:44:23,938 - INFO - Code executed unsuccessfully: Traceback (most recent call last):
  File "/tmp/tmpy1joclh8.py", line 46, in <module>
    train_df[categorical_cols_train] = cat_imputer.fit_transform(train_df[categorical_cols_train])
                                       ^^^^^^^^^^^^^^^^^^^^^^^^^^^^^^^^^^^^^^^^^^^^^^^^^^^^^^^^^^^
  File "/home/progifrogi/PycharmProjects/Agentic-Modeling-Operational-Engineering-Beta-Application/.venv/lib/python3.11/site-packages/sklearn/utils/_set_output.py", line 316, in wrapped
    data_to_wrap = f(self, X, *args, **kwargs)
                   ^^^^^^^^^^^^^^^^^^^^^^^^^^^
  File "/home/progifrogi/PycharmProjects/Agentic-Modeling-Operational-Engineering-Beta-Application/.venv/lib/python3.11/site-packages/sklearn/base.py", line 907, in fit_transform
    return self.fit(X, **fit_params).transform(X)
           ^^^^^^^^^^^^^^^^^^^^^^^^^
  File "/home/progifrogi/PycharmProjects/Agentic-Modeling-Operational-Engineering-Beta-Application/.venv/lib/python3.11/site-packages/sklearn/base.py", line 1336, in wrapper
    return fit_method(estimator, *args, **kwargs)
           ^^^^^^^^^^^^^^^^^^^^^^^^^^^^^^^^^^^^^^
  File "/home/progifrogi/PycharmProjects/Agentic-Modeling-Operational-Engineering-Beta-Application/.venv/lib/python3.11/site-packages/sklearn/impute/_base.py", line 447, in fit
    X = self._validate_input(X, in_fit=True)
        ^^^^^^^^^^^^^^^^^^^^^^^^^^^^^^^^^^^^
  File "/home/progifrogi/PycharmProjects/Agentic-Modeling-Operational-Engineering-Beta-Application/.venv/lib/python3.11/site-packages/sklearn/impute/_base.py", line 374, in _validate_input
    raise ve
  File "/home/progifrogi/PycharmProjects/Agentic-Modeling-Operational-Engineering-Beta-Application/.venv/lib/python3.11/site-packages/sklearn/impute/_base.py", line 355, in _validate_input
    X = validate_data(
        ^^^^^^^^^^^^^^
  File "/home/progifrogi/PycharmProjects/Agentic-Modeling-Operational-Engineering-Beta-Application/.venv/lib/python3.11/site-packages/sklearn/utils/validation.py", line 2902, in validate_data
    out = check_array(X, input_name="X", **check_params)
          ^^^^^^^^^^^^^^^^^^^^^^^^^^^^^^^^^^^^^^^^^^^^^^
  File "/home/progifrogi/PycharmProjects/Agentic-Modeling-Operational-Engineering-Beta-Application/.venv/lib/python3.11/site-packages/sklearn/utils/validation.py", line 898, in check_array
    dtype_orig = np.result_type(*dtypes_orig)
                 ^^^^^^^^^^^^^^^^^^^^^^^^^^^^
ValueError: at least one array or dtype is required
2026-03-28 23:44:23,938 - INFO - [Wrapper] Coder finished.
2026-03-28 23:44:23,939 - INFO - [Wrapper] Response: Error: Traceback (most recent call last):
  File "/tmp/tmpy1joclh8.py", line 46, in <module>
    train_df[categorical_cols_train] = cat_imputer.fit_transform(train_df[categorical_cols_train])
                                       ^^^^^^^^^^^^^^^^^^^^^^^^^^^^^^^^^^^^^^^^^^^^^^^^^^^^^^^^^^^
  File "/home/progifrogi/PycharmProjects/Agentic-Modeling-Operational-Engineering-Beta-Application/.venv/lib/python3.11/site-packages/sklearn/utils/_set_output.py", line 316, in wrapped
    data_to_wrap = f(se...
2026-03-28 23:44:25,911 - INFO - AnalyticREQUEST: 
You are a professional data analyst working with files in the session directory.

Current session directory: sessions/session_20260328_233834
Files available: ['model.pkl', 'train.csv', 'predictions.csv', 'sample_submition.csv', 'competition_info.json', 'test.csv', 'solution.csv']

Current dataset state:
Train data: 36671 rows, 15 columns
Test data: 12224 rows, 14 columns

Dataset description from author: 
Dataset Description
# Files
train.csv - the training set
test.csv - the test set
sample_s...
2026-03-28 23:44:25,913 - INFO - AnalyticRESPONSE: ```json
{
  "data_planner_request": "Please provide the competition type and evaluation metric, as well as any additional details about the target column and feature engineering requirements.",
  "satisfy_rate": 0.0
}
```
2026-03-28 23:44:25,913 - INFO - Parsed satisfy_rate: 0.0, done: False
2026-03-28 23:44:27,034 - INFO - AnalyticREQUEST: 
You are a professional data analyst working with files in the session directory.

Current session directory: sessions/session_20260328_233834
Files available: ['model.pkl', 'train.csv', 'predictions.csv', 'sample_submition.csv', 'competition_info.json', 'test.csv', 'solution.csv']

Current dataset state:
Train data: 36671 rows, 15 columns
Test data: 12224 rows, 14 columns

Dataset description from author: 
Dataset Description
# Files
train.csv - the training set
test.csv - the test set
sample_s...
2026-03-28 23:44:27,034 - INFO - AnalyticRESPONSE: ```json
{
  "data_planner_request": "",
  "satisfy_rate": 1.0
}
```
2026-03-28 23:44:27,034 - INFO - Parsed satisfy_rate: 1.0, done: True
2026-03-28 23:44:27,035 - INFO - Starting training phase...
2026-03-28 23:44:37,955 - INFO - Training plan generated: {}
2026-03-28 23:44:53,629 - INFO - Coder Request: 
    Write Python code for the following task:

Write Python code to train a model on the data.

IMPORTANT: You are ALREADY in the session directory. Use relative paths like 'train.csv', not absolute paths.

CRITICAL INFORMATION:
- Target column name is: 'target'
- Task type: regression
- Evaluation metric: MSE

Requirements:
1. Load data from: 'train.csv' and 'test.csv' (use relative paths)
2. Target column: 'target'
3. Task type: regression (metric: MSE)
4. Configuration: {}
5. Save trained model to: 'model.pkl' (use joblib.dump)
6. Save predictions on test data to: 'predictions.csv'
7. Calculate and print model score on validation set
8. Print feature importance if applicable

Rules:
- Use memory-efficient code
- Use pandas fillna() for missing values (NOT sklearn imputers if possible)
- For categorical columns with >50 unique values, use frequency encoding
- For categorical columns with <=50 unique values, use LabelEncoder
- Scale numerical features with StandardScaler
- Use train/val split (80/20)
- Save model with joblib.dump
- Print all metrics
- DO NOT use .ravel() - y is already 1D

Output ONLY the Python code, no explanations.

Important: When generating code, ensure:
    - Use proper spacing: "import pandas as pd" not "import pandasaspd"
    - Add spaces after commas: "func(arg1, arg2)" not "func(arg1,arg2)"
    - Put each statement on a new line
    - Use proper indentation (4 spaces per level)
    - Ensure the code runs without errors and outputs meaningful results.
    - If using sklearn, use sparse_output=False instead of sparse=False for OneHotEncoder (newer sklearn versions)
    - Use .ravel() when assigning imputed values to avoid dimension issues
    - Don't use matplotlib or seaborn for visualizations
    
    1. Memory efficiency is KEY - work with large datasets (36k rows, 15 columns)
    2. DO NOT create explosion of features - avoid OneHotEncoder on high-cardinality columns
    3. For columns with > 50 unique values, use:
       - Label Encoding, or
       - Frequency encoding, or
       - Keep as-is (if meaningful for model like text)
    4. Always print shapes and memory usage after operations
    5. Handle missing values simply:
       - Numerical: fill with median/mean
       - Categorical: fill with "Unknown" or mode
    6. For datetime: extract useful features (year, month, day, dayofweek)
    7. Use StandardScaler for numerical features
    8. Save processed files with .to_csv(index=False)
    9. Print progress messages
    10. **TEST DATA DOES NOT HAVE 'target' COLUMN** - This is the most important rule!
       - Always exclude 'target' from numerical_cols when processing test data
       - Use: numerical_cols_train = [c for c in numerical_cols if c != 'target']
       - For test: use the same columns as train WITHOUT 'target'
    REMEMBER - in test.csv not 'target'
    Output only the code, no explanations.
    
2026-03-28 23:44:53,629 - INFO - Coder Response: import pandas as pd
from sklearn.model_selection import train_test_split
from sklearn.preprocessing import StandardScaler, LabelEncoder
from sklearn.metrics import mean_squared_error
from sklearn.ensemble import RandomForestRegressor
import joblib

# Load data
train_df = pd.read_csv('train.csv')
test_df = pd.read_csv('test.csv')

# Separate target and features
X_train = train_df.drop(columns=['target'])
y_train = train_df['target']

# Handle missing values
numerical_cols = X_train.select_dtypes(include='number').columns.tolist()
categorical_cols = X_train.select_dtypes(include='object').columns.tolist()

for col in numerical_cols:
    median_val = X_train[col].median()
    X_train[col].fillna(median_val, inplace=True)
    test_df[col].fillna(median_val, inplace=True)

for col in categorical_cols:
    mode_val = X_train[col].mode()[0]
    X_train[col].fillna(mode_val, inplace=True)
    test_df[col].fillna(mode_val, inplace=True)

# Encode categorical columns
for col in categorical_cols:
    if X_train[col].nunique() > 50:
        freq_map = X_train[col].value_counts(normalize=True).to_dict()
        X_train[col] = X_train[col].map(freq_map)
        test_df[col] = test_df[col].map(freq_map)
    else:
        le = LabelEncoder()
        X_train[col] = le.fit_transform(X_train[col])
        test_df[col] = le.transform(test_df[col])

# Scale numerical features
scaler = StandardScaler()
X_train[numerical_cols] = scaler.fit_transform(X_train[numerical_cols])
test_df[numerical_cols] = scaler.transform(test_df[numerical_cols])

# Train/val split
X_train, X_val, y_train, y_val = train_test_split(X_train, y_train, test_size=0.2, random_state=42)

# Train model
model = RandomForestRegressor(random_state=42)
model.fit(X_train, y_train)

# Predict on validation set
y_pred_val = model.predict(X_val)
mse_val = mean_squared_error(y_val, y_pred_val)
print(f'Validation MSE: {mse_val}')

# Save model
joblib.dump(model, 'model.pkl')

# Predict on test data
test_predictions = model.predict(test_df)
predictions_df = pd.DataFrame({'id': range(len(test_predictions)), 'target': test_predictions})
predictions_df.to_csv('predictions.csv', index=False)

# Print feature importance if applicable
if hasattr(model, 'feature_importances_'):
    importances = model.feature_importances_
    feature_importance_df = pd.DataFrame({'feature': X_train.columns, 'importance': importances})
    print(feature_importance_df.sort_values(by='importance', ascending=False))
2026-03-28 23:45:15,750 - INFO - Code executed successfully! Results saved to execution_results/_Write Python code to train a model on the data.__
2026-03-28 23:45:15,953 - INFO - Starting validation phase...
2026-03-28 23:45:20,590 - INFO - Submitting to Kaggle...
